decade,resource,target,absolute,tokens,per_million
1620,lb,attraktion,0,12158,0.0
1620,lb,elektricitet,0,12158,0.0
1620,lb,elektriker,0,12158,0.0
1620,lb,elektrisk,0,12158,0.0
1620,lb,emanation,0,12158,0.0
1620,lb,emanera,0,12158,0.0
1620,lb,fluidum,0,12158,0.0
1620,lb,induktion,0,12158,0.0
1620,lb,influens,0,12158,0.0
1620,lb,influera,0,12158,0.0
1620,lb,kondensation,0,12158,0.0
1620,lb,kraft,0,12158,0.0
1620,lb,ladda,0,12158,0.0
1620,lb,laddning,0,12158,0.0
1620,lb,magnet,0,12158,0.0
1620,lb,magnetisera,0,12158,0.0
1620,lb,magnetism,0,12158,0.0
1620,lb,nerv,0,12158,0.0
1620,lb,repulsion,0,12158,0.0
1620,lb,spänning,0,12158,0.0
1620,lb,strålning,0,12158,0.0
1620,lb,ström,0,12158,0.0
1620,lb,strömning,0,12158,0.0
1620,lb,styrka,0,12158,0.0
1620,lb,tension,0,12158,0.0
1640,lb,attraktion,0,48209,0.0
1640,lb,elektricitet,0,48209,0.0
1640,lb,elektriker,0,48209,0.0
1640,lb,elektrisk,0,48209,0.0
1640,lb,emanation,0,48209,0.0
1640,lb,emanera,0,48209,0.0
1640,lb,fluidum,0,48209,0.0
1640,lb,induktion,0,48209,0.0
1640,lb,influens,0,48209,0.0
1640,lb,influera,0,48209,0.0
1640,lb,kondensation,0,48209,0.0
1640,lb,kraft,0,48209,0.0
1640,lb,ladda,0,48209,0.0
1640,lb,laddning,0,48209,0.0
1640,lb,magnet,0,48209,0.0
1640,lb,magnetisera,0,48209,0.0
1640,lb,magnetism,0,48209,0.0
1640,lb,nerv,0,48209,0.0
1640,lb,repulsion,0,48209,0.0
1640,lb,spänning,0,48209,0.0
1640,lb,strålning,0,48209,0.0
1640,lb,ström,0,48209,0.0
1640,lb,strömning,0,48209,0.0
1640,lb,styrka,5,48209,103.71507394884773
1640,lb,tension,0,48209,0.0
1700,lb,attraktion,0,1796708,0.0
1700,lb,elektricitet,0,1796708,0.0
1700,lb,elektriker,0,1796708,0.0
1700,lb,elektrisk,0,1796708,0.0
1700,lb,emanation,0,1796708,0.0
1700,lb,emanera,0,1796708,0.0
1700,lb,fluidum,0,1796708,0.0
1700,lb,induktion,0,1796708,0.0
1700,lb,influens,0,1796708,0.0
1700,lb,influera,0,1796708,0.0
1700,lb,kondensation,0,1796708,0.0
1700,lb,kraft,312,1796708,173.65092157434597
1700,lb,ladda,2,1796708,1.1131469331688844
1700,lb,laddning,0,1796708,0.0
1700,lb,magnet,0,1796708,0.0
1700,lb,magnetisera,0,1796708,0.0
1700,lb,magnetism,0,1796708,0.0
1700,lb,nerv,0,1796708,0.0
1700,lb,repulsion,0,1796708,0.0
1700,lb,spänning,0,1796708,0.0
1700,lb,strålning,0,1796708,0.0
1700,lb,ström,25,1796708,13.914336664611055
1700,lb,strömning,0,1796708,0.0
1700,lb,styrka,1,1796708,0.5565734665844422
1700,lb,tension,0,1796708,0.0
1710,lb,attraktion,0,64639,0.0
1710,lb,elektricitet,0,64639,0.0
1710,lb,elektriker,0,64639,0.0
1710,lb,elektrisk,0,64639,0.0
1710,lb,emanation,0,64639,0.0
1710,lb,emanera,0,64639,0.0
1710,lb,fluidum,0,64639,0.0
1710,lb,induktion,0,64639,0.0
1710,lb,influens,0,64639,0.0
1710,lb,influera,0,64639,0.0
1710,lb,kondensation,0,64639,0.0
1710,lb,kraft,15,64639,232.05804545243583
1710,lb,ladda,0,64639,0.0
1710,lb,laddning,0,64639,0.0
1710,lb,magnet,0,64639,0.0
1710,lb,magnetisera,0,64639,0.0
1710,lb,magnetism,0,64639,0.0
1710,lb,nerv,0,64639,0.0
1710,lb,repulsion,0,64639,0.0
1710,lb,spänning,0,64639,0.0
1710,lb,strålning,0,64639,0.0
1710,lb,ström,4,64639,61.882145453982886
1710,lb,strömning,0,64639,0.0
1710,lb,styrka,7,64639,108.29375454447006
1710,lb,tension,0,64639,0.0
1730,lb,attraktion,0,33381,0.0
1730,lb,elektricitet,0,33381,0.0
1730,lb,elektriker,0,33381,0.0
1730,lb,elektrisk,0,33381,0.0
1730,lb,emanation,0,33381,0.0
1730,lb,emanera,0,33381,0.0
1730,lb,fluidum,0,33381,0.0
1730,lb,induktion,0,33381,0.0
1730,lb,influens,0,33381,0.0
1730,lb,influera,0,33381,0.0
1730,lb,kondensation,0,33381,0.0
1730,lb,kraft,3,33381,89.87148377819717
1730,lb,ladda,0,33381,0.0
1730,lb,laddning,0,33381,0.0
1730,lb,magnet,0,33381,0.0
1730,lb,magnetisera,0,33381,0.0
1730,lb,magnetism,0,33381,0.0
1730,lb,nerv,0,33381,0.0
1730,lb,repulsion,0,33381,0.0
1730,lb,spänning,0,33381,0.0
1730,lb,strålning,0,33381,0.0
1730,lb,ström,0,33381,0.0
1730,lb,strömning,0,33381,0.0
1730,lb,styrka,1,33381,29.957161259399058
1730,lb,tension,0,33381,0.0
1740,lb,attraktion,0,47561,0.0
1740,lb,elektricitet,0,47561,0.0
1740,lb,elektriker,0,47561,0.0
1740,lb,elektrisk,0,47561,0.0
1740,lb,emanation,0,47561,0.0
1740,lb,emanera,0,47561,0.0
1740,lb,fluidum,0,47561,0.0
1740,lb,induktion,0,47561,0.0
1740,lb,influens,0,47561,0.0
1740,lb,influera,0,47561,0.0
1740,lb,kondensation,0,47561,0.0
1740,lb,kraft,2,47561,42.05126048653308
1740,lb,ladda,0,47561,0.0
1740,lb,laddning,0,47561,0.0
1740,lb,magnet,2,47561,42.05126048653308
1740,lb,magnetisera,0,47561,0.0
1740,lb,magnetism,0,47561,0.0
1740,lb,nerv,0,47561,0.0
1740,lb,repulsion,0,47561,0.0
1740,lb,spänning,0,47561,0.0
1740,lb,strålning,0,47561,0.0
1740,lb,ström,0,47561,0.0
1740,lb,strömning,0,47561,0.0
1740,lb,styrka,0,47561,0.0
1740,lb,tension,0,47561,0.0
1750,lb,attraktion,0,1095966,0.0
1750,lb,elektricitet,0,1095966,0.0
1750,lb,elektriker,0,1095966,0.0
1750,lb,elektrisk,0,1095966,0.0
1750,lb,emanation,0,1095966,0.0
1750,lb,emanera,0,1095966,0.0
1750,lb,fluidum,0,1095966,0.0
1750,lb,induktion,0,1095966,0.0
1750,lb,influens,0,1095966,0.0
1750,lb,influera,0,1095966,0.0
1750,lb,kondensation,0,1095966,0.0
1750,lb,kraft,45,1095966,41.059667909405945
1750,lb,ladda,0,1095966,0.0
1750,lb,laddning,0,1095966,0.0
1750,lb,magnet,1,1095966,0.9124370646534655
1750,lb,magnetisera,0,1095966,0.0
1750,lb,magnetism,0,1095966,0.0
1750,lb,nerv,0,1095966,0.0
1750,lb,repulsion,0,1095966,0.0
1750,lb,spänning,0,1095966,0.0
1750,lb,strålning,0,1095966,0.0
1750,lb,ström,1,1095966,0.9124370646534655
1750,lb,strömning,0,1095966,0.0
1750,lb,styrka,13,1095966,11.861681840495052
1750,lb,tension,0,1095966,0.0
1760,lb,attraktion,0,24422,0.0
1760,lb,elektricitet,0,24422,0.0
1760,lb,elektriker,0,24422,0.0
1760,lb,elektrisk,0,24422,0.0
1760,lb,emanation,0,24422,0.0
1760,lb,emanera,0,24422,0.0
1760,lb,fluidum,0,24422,0.0
1760,lb,induktion,0,24422,0.0
1760,lb,influens,0,24422,0.0
1760,lb,influera,0,24422,0.0
1760,lb,kondensation,0,24422,0.0
1760,lb,kraft,6,24422,245.68012447792972
1760,lb,ladda,0,24422,0.0
1760,lb,laddning,0,24422,0.0
1760,lb,magnet,0,24422,0.0
1760,lb,magnetisera,0,24422,0.0
1760,lb,magnetism,0,24422,0.0
1760,lb,nerv,0,24422,0.0
1760,lb,repulsion,0,24422,0.0
1760,lb,spänning,0,24422,0.0
1760,lb,strålning,0,24422,0.0
1760,lb,ström,3,24422,122.84006223896486
1760,lb,strömning,0,24422,0.0
1760,lb,styrka,11,24422,450.4135615428712
1760,lb,tension,0,24422,0.0
1770,lb,attraktion,0,69907,0.0
1770,lb,elektricitet,0,69907,0.0
1770,lb,elektriker,0,69907,0.0
1770,lb,elektrisk,0,69907,0.0
1770,lb,emanation,0,69907,0.0
1770,lb,emanera,0,69907,0.0
1770,lb,fluidum,0,69907,0.0
1770,lb,induktion,0,69907,0.0
1770,lb,influens,0,69907,0.0
1770,lb,influera,0,69907,0.0
1770,lb,kondensation,0,69907,0.0
1770,lb,kraft,37,69907,529.274607693078
1770,lb,ladda,0,69907,0.0
1770,lb,laddning,0,69907,0.0
1770,lb,magnet,0,69907,0.0
1770,lb,magnetisera,0,69907,0.0
1770,lb,magnetism,0,69907,0.0
1770,lb,nerv,0,69907,0.0
1770,lb,repulsion,0,69907,0.0
1770,lb,spänning,0,69907,0.0
1770,lb,strålning,0,69907,0.0
1770,lb,ström,6,69907,85.82831476103966
1770,lb,strömning,0,69907,0.0
1770,lb,styrka,31,69907,443.44629293203826
1770,lb,tension,0,69907,0.0
1780,lb,attraktion,0,48621,0.0
1780,lb,elektricitet,0,48621,0.0
1780,lb,elektriker,0,48621,0.0
1780,lb,elektrisk,0,48621,0.0
1780,lb,emanation,0,48621,0.0
1780,lb,emanera,0,48621,0.0
1780,lb,fluidum,0,48621,0.0
1780,lb,induktion,0,48621,0.0
1780,lb,influens,0,48621,0.0
1780,lb,influera,0,48621,0.0
1780,lb,kondensation,0,48621,0.0
1780,lb,kraft,19,48621,390.77764751856193
1780,lb,ladda,1,48621,20.567244606240102
1780,lb,laddning,0,48621,0.0
1780,lb,magnet,0,48621,0.0
1780,lb,magnetisera,0,48621,0.0
1780,lb,magnetism,0,48621,0.0
1780,lb,nerv,0,48621,0.0
1780,lb,repulsion,0,48621,0.0
1780,lb,spänning,0,48621,0.0
1780,lb,strålning,0,48621,0.0
1780,lb,ström,4,48621,82.26897842496041
1780,lb,strömning,0,48621,0.0
1780,lb,styrka,11,48621,226.23969066864112
1780,lb,tension,0,48621,0.0
1790,lb,attraktion,0,789177,0.0
1790,lb,elektricitet,1,789177,1.2671428589530613
1790,lb,elektriker,0,789177,0.0
1790,lb,elektrisk,0,789177,0.0
1790,lb,emanation,0,789177,0.0
1790,lb,emanera,0,789177,0.0
1790,lb,fluidum,1,789177,1.2671428589530613
1790,lb,induktion,0,789177,0.0
1790,lb,influens,0,789177,0.0
1790,lb,influera,0,789177,0.0
1790,lb,kondensation,0,789177,0.0
1790,lb,kraft,206,789177,261.0314289443306
1790,lb,ladda,1,789177,1.2671428589530613
1790,lb,laddning,2,789177,2.5342857179061227
1790,lb,magnet,1,789177,1.2671428589530613
1790,lb,magnetisera,0,789177,0.0
1790,lb,magnetism,0,789177,0.0
1790,lb,nerv,6,789177,7.602857153718367
1790,lb,repulsion,2,789177,2.5342857179061227
1790,lb,spänning,2,789177,2.5342857179061227
1790,lb,strålning,0,789177,0.0
1790,lb,ström,35,789177,44.35000006335714
1790,lb,strömning,0,789177,0.0
1790,lb,styrka,131,789177,165.99571452285102
1790,lb,tension,1,789177,1.2671428589530613
1800,lb,attraktion,0,736942,0.0
1800,lb,elektricitet,0,736942,0.0
1800,lb,elektriker,0,736942,0.0
1800,lb,elektrisk,1,736942,1.356958892287317
1800,lb,emanation,0,736942,0.0
1800,lb,emanera,0,736942,0.0
1800,lb,fluidum,0,736942,0.0
1800,lb,induktion,0,736942,0.0
1800,lb,influens,0,736942,0.0
1800,lb,influera,0,736942,0.0
1800,lb,kondensation,0,736942,0.0
1800,lb,kraft,119,736942,161.47810818219074
1800,lb,ladda,0,736942,0.0
1800,lb,laddning,1,736942,1.356958892287317
1800,lb,magnet,0,736942,0.0
1800,lb,magnetisera,0,736942,0.0
1800,lb,magnetism,0,736942,0.0
1800,lb,nerv,0,736942,0.0
1800,lb,repulsion,0,736942,0.0
1800,lb,spänning,1,736942,1.356958892287317
1800,lb,strålning,0,736942,0.0
1800,lb,ström,40,736942,54.278355691492685
1800,lb,strömning,0,736942,0.0
1800,lb,styrka,207,736942,280.89049070347465
1800,lb,tension,0,736942,0.0
1810,lb,attraktion,0,1369393,0.0
1810,lb,elektricitet,1,1369393,0.7302505562683612
1810,lb,elektriker,0,1369393,0.0
1810,lb,elektrisk,1,1369393,0.7302505562683612
1810,lb,emanation,0,1369393,0.0
1810,lb,emanera,0,1369393,0.0
1810,lb,fluidum,0,1369393,0.0
1810,lb,induktion,0,1369393,0.0
1810,lb,influens,0,1369393,0.0
1810,lb,influera,2,1369393,1.4605011125367224
1810,lb,kondensation,0,1369393,0.0
1810,lb,kraft,124,1369393,90.5510689772768
1810,lb,ladda,1,1369393,0.7302505562683612
1810,lb,laddning,3,1369393,2.190751668805084
1810,lb,magnet,0,1369393,0.0
1810,lb,magnetisera,0,1369393,0.0
1810,lb,magnetism,2,1369393,1.4605011125367224
1810,lb,nerv,2,1369393,1.4605011125367224
1810,lb,repulsion,0,1369393,0.0
1810,lb,spänning,4,1369393,2.921002225073445
1810,lb,strålning,0,1369393,0.0
1810,lb,ström,182,1369393,132.90560124084175
1810,lb,strömning,0,1369393,0.0
1810,lb,styrka,152,1369393,110.99808455279091
1810,lb,tension,0,1369393,0.0
1820,lb,attraktion,0,842254,0.0
1820,lb,elektricitet,0,842254,0.0
1820,lb,elektriker,0,842254,0.0
1820,lb,elektrisk,4,842254,4.749161179406688
1820,lb,emanation,0,842254,0.0
1820,lb,emanera,0,842254,0.0
1820,lb,fluidum,0,842254,0.0
1820,lb,induktion,0,842254,0.0
1820,lb,influens,0,842254,0.0
1820,lb,influera,0,842254,0.0
1820,lb,kondensation,0,842254,0.0
1820,lb,kraft,281,842254,333.6285728533198
1820,lb,ladda,2,842254,2.374580589703344
1820,lb,laddning,1,842254,1.187290294851672
1820,lb,magnet,3,842254,3.5618708845550153
1820,lb,magnetisera,1,842254,1.187290294851672
1820,lb,magnetism,0,842254,0.0
1820,lb,nerv,2,842254,2.374580589703344
1820,lb,repulsion,0,842254,0.0
1820,lb,spänning,3,842254,3.5618708845550153
1820,lb,strålning,0,842254,0.0
1820,lb,ström,55,842254,65.30096621684196
1820,lb,strömning,0,842254,0.0
1820,lb,styrka,141,842254,167.40793157408572
1820,lb,tension,0,842254,0.0
1830,lb,attraktion,1,11653970,0.08580766897460694
1830,lb,elektricitet,10,11653970,0.8580766897460693
1830,lb,elektriker,0,11653970,0.0
1830,lb,elektrisk,67,11653970,5.749113821298665
1830,lb,emanation,0,11653970,0.0
1830,lb,emanera,7,11653970,0.6006536828222485
1830,lb,fluidum,16,11653970,1.372922703593711
1830,lb,induktion,0,11653970,0.0
1830,lb,influens,0,11653970,0.0
1830,lb,influera,2,11653970,0.17161533794921388
1830,lb,kondensation,0,11653970,0.0
1830,lb,kraft,3061,11653970,262.65727473127185
1830,lb,ladda,90,11653970,7.722690207714624
1830,lb,laddning,15,11653970,1.287115034619104
1830,lb,magnet,62,11653970,5.32007547642563
1830,lb,magnetisera,1,11653970,0.08580766897460694
1830,lb,magnetism,11,11653970,0.9438843587206763
1830,lb,nerv,68,11653970,5.834921490273271
1830,lb,repulsion,1,11653970,0.08580766897460694
1830,lb,spänning,43,11653970,3.689729765908098
1830,lb,strålning,0,11653970,0.0
1830,lb,ström,790,11653970,67.78805848993947
1830,lb,strömning,0,11653970,0.0
1830,lb,styrka,1440,11653970,123.56304332343399
1830,lb,tension,0,11653970,0.0
1840,lb,attraktion,9,30985848,0.29045517811873345
1840,lb,elektricitet,19,30985848,0.613183153806215
1840,lb,elektriker,0,30985848,0.0
1840,lb,elektrisk,168,30985848,5.421829991549691
1840,lb,emanation,4,30985848,0.12909119027499263
1840,lb,emanera,10,30985848,0.32272797568748157
1840,lb,fluidum,30,30985848,0.9681839270624447
1840,lb,induktion,0,30985848,0.0
1840,lb,influens,4,30985848,0.12909119027499263
1840,lb,influera,4,30985848,0.12909119027499263
1840,lb,kondensation,0,30985848,0.0
1840,lb,kraft,7098,30985848,229.07231714297444
1840,lb,ladda,191,30985848,6.164104335630898
1840,lb,laddning,64,30985848,2.065459044399882
1840,lb,magnet,67,30985848,2.162277437106127
1840,lb,magnetisera,12,30985848,0.38727357082497793
1840,lb,magnetism,30,30985848,0.9681839270624447
1840,lb,nerv,222,30985848,7.164561060262091
1840,lb,repulsion,2,30985848,0.06454559513749632
1840,lb,spänning,284,30985848,9.165474509524477
1840,lb,strålning,1,30985848,0.03227279756874816
1840,lb,ström,1516,30985848,48.92556111422221
1840,lb,strömning,2,30985848,0.06454559513749632
1840,lb,styrka,3225,30985848,104.07977215921281
1840,lb,tension,0,30985848,0.0
1850,lb,attraktion,8,24055763,0.33256064253709183
1850,lb,elektricitet,22,24055763,0.9145417669770025
1850,lb,elektriker,0,24055763,0.0
1850,lb,elektrisk,182,24055763,7.56575461771884
1850,lb,emanation,0,24055763,0.0
1850,lb,emanera,8,24055763,0.33256064253709183
1850,lb,fluidum,29,24055763,1.205532329196958
1850,lb,induktion,0,24055763,0.0
1850,lb,influens,1,24055763,0.04157008031713648
1850,lb,influera,3,24055763,0.12471024095140944
1850,lb,kondensation,0,24055763,0.0
1850,lb,kraft,5980,24055763,248.58908029647614
1850,lb,ladda,192,24055763,7.981455420890204
1850,lb,laddning,75,24055763,3.117756023785236
1850,lb,magnet,59,24055763,2.4526347387110525
1850,lb,magnetisera,25,24055763,1.039252007928412
1850,lb,magnetism,43,24055763,1.7875134536368686
1850,lb,nerv,224,24055763,9.31169799103857
1850,lb,repulsion,3,24055763,0.12471024095140944
1850,lb,spänning,151,24055763,6.277082127887608
1850,lb,strålning,2,24055763,0.08314016063427296
1850,lb,ström,1378,24055763,57.28357067701407
1850,lb,strömning,0,24055763,0.0
1850,lb,styrka,2633,24055763,109.45402147502035
1850,lb,tension,0,24055763,0.0
1860,lb,attraktion,17,30066424,0.5654147629927656
1860,lb,elektricitet,33,30066424,1.0975698340447804
1860,lb,elektriker,0,30066424,0.0
1860,lb,elektrisk,255,30066424,8.481221444891485
1860,lb,emanation,6,30066424,0.19955815164450552
1860,lb,emanera,2,30066424,0.06651938388150183
1860,lb,fluidum,30,30066424,0.9977907582225276
1860,lb,induktion,2,30066424,0.06651938388150183
1860,lb,influens,0,30066424,0.0
1860,lb,influera,5,30066424,0.1662984597037546
1860,lb,kondensation,0,30066424,0.0
1860,lb,kraft,7130,30066424,237.14160353755406
1860,lb,ladda,229,30066424,7.61646945443196
1860,lb,laddning,72,30066424,2.3946978197340663
1860,lb,magnet,104,30066424,3.4590079618380956
1860,lb,magnetisera,24,30066424,0.7982326065780221
1860,lb,magnetism,81,30066424,2.6940350472008245
1860,lb,nerv,261,30066424,8.68077959653599
1860,lb,repulsion,1,30066424,0.033259691940750916
1860,lb,spänning,219,30066424,7.283872535024451
1860,lb,strålning,0,30066424,0.0
1860,lb,ström,1701,30066424,56.57473599121731
1860,lb,strömning,6,30066424,0.19955815164450552
1860,lb,styrka,3121,30066424,103.80349854708362
1860,lb,tension,1,30066424,0.033259691940750916
1860,tkr,attraktion,1,14301457,0.06992294561316376
1860,tkr,elektricitet,3,14301457,0.20976883683949124
1860,tkr,elektriker,0,14301457,0.0
1860,tkr,elektrisk,74,14301457,5.174297975374118
1860,tkr,emanation,3,14301457,0.20976883683949124
1860,tkr,emanera,13,14301457,0.9089982929711288
1860,tkr,fluidum,0,14301457,0.0
1860,tkr,induktion,0,14301457,0.0
1860,tkr,influens,0,14301457,0.0
1860,tkr,influera,8,14301457,0.55938356490531
1860,tkr,kondensation,0,14301457,0.0
1860,tkr,kraft,1779,14301457,124.39292024581832
1860,tkr,ladda,5,14301457,0.3496147280658187
1860,tkr,laddning,22,14301457,1.5383048034896025
1860,tkr,magnet,14,14301457,0.9789212385842925
1860,tkr,magnetisera,0,14301457,0.0
1860,tkr,magnetism,3,14301457,0.20976883683949124
1860,tkr,nerv,9,14301457,0.6293065105184737
1860,tkr,repulsion,0,14301457,0.0
1860,tkr,spänning,9,14301457,0.6293065105184737
1860,tkr,strålning,2,14301457,0.1398458912263275
1860,tkr,ström,206,14301457,14.404126796311733
1860,tkr,strömning,4,14301457,0.279691782452655
1860,tkr,styrka,1413,14301457,98.80112215140038
1860,tkr,tension,0,14301457,0.0
1870,lb,attraktion,14,34605387,0.40456128983617495
1870,lb,elektricitet,39,34605387,1.12699216454363
1870,lb,elektriker,0,34605387,0.0
1870,lb,elektrisk,207,34605387,5.981727642577729
1870,lb,emanation,1,34605387,0.028897234988298208
1870,lb,emanera,5,34605387,0.14448617494149105
1870,lb,fluidum,42,34605387,1.2136838695085248
1870,lb,induktion,2,34605387,0.057794469976596416
1870,lb,influens,0,34605387,0.0
1870,lb,influera,1,34605387,0.028897234988298208
1870,lb,kondensation,0,34605387,0.0
1870,lb,kraft,7647,34605387,220.9771559555164
1870,lb,ladda,295,34605387,8.524684321547971
1870,lb,laddning,86,34605387,2.485162208993646
1870,lb,magnet,50,34605387,1.4448617494149105
1870,lb,magnetisera,14,34605387,0.40456128983617495
1870,lb,magnetism,47,34605387,1.3581700444500158
1870,lb,nerv,294,34605387,8.495787086559673
1870,lb,repulsion,0,34605387,0.0
1870,lb,spänning,235,34605387,6.7908502222500795
1870,lb,strålning,1,34605387,0.028897234988298208
1870,lb,ström,1982,34605387,57.27431974680705
1870,lb,strömning,9,34605387,0.2600751148946839
1870,lb,styrka,3535,34605387,102.15172568363417
1870,lb,tension,0,34605387,0.0
1870,tkr,attraktion,2,48663079,0.041098920189575346
1870,tkr,elektricitet,45,48663079,0.9247257042654453
1870,tkr,elektriker,0,48663079,0.0
1870,tkr,elektrisk,310,48663079,6.370332629384179
1870,tkr,emanation,1,48663079,0.020549460094787673
1870,tkr,emanera,21,48663079,0.43153866199054114
1870,tkr,fluidum,5,48663079,0.10274730047393836
1870,tkr,induktion,0,48663079,0.0
1870,tkr,influens,0,48663079,0.0
1870,tkr,influera,20,48663079,0.41098920189575344
1870,tkr,kondensation,0,48663079,0.0
1870,tkr,kraft,6456,48663079,132.6673143719492
1870,tkr,ladda,15,48663079,0.30824190142181507
1870,tkr,laddning,40,48663079,0.8219784037915069
1870,tkr,magnet,3,48663079,0.061648380284363015
1870,tkr,magnetisera,0,48663079,0.0
1870,tkr,magnetism,22,48663079,0.4520881220853288
1870,tkr,nerv,43,48663079,0.8836267840758699
1870,tkr,repulsion,0,48663079,0.0
1870,tkr,spänning,21,48663079,0.43153866199054114
1870,tkr,strålning,1,48663079,0.020549460094787673
1870,tkr,ström,502,48663079,10.315828967583412
1870,tkr,strömning,51,48663079,1.0480224648341714
1870,tkr,styrka,4497,48663079,92.41092204626017
1870,tkr,tension,0,48663079,0.0
1870,kubhist2,attraktion,250,1040563269,0.2402544923964638
1870,kubhist2,elektricitet,6588,1040563269,6.331186383631613
1870,kubhist2,elektriker,15,1040563269,0.014415269543787827
1870,kubhist2,elektrisk,14197,1040563269,13.643572114210386
1870,kubhist2,emanation,31,1040563269,0.029791557057161508
1870,kubhist2,emanera,190,1040563269,0.18259341422131248
1870,kubhist2,fluidum,462,1040563269,0.44399030194866507
1870,kubhist2,induktion,127,1040563269,0.1220492821374036
1870,kubhist2,influens,2,1040563269,0.0019220359391717103
1870,kubhist2,influera,167,1040563269,0.16049000092083782
1870,kubhist2,kondensation,46,1040563269,0.04420682660094934
1870,kubhist2,kraft,122777,1040563269,117.99090325184254
1870,kubhist2,ladda,5690,1040563269,5.468192246943516
1870,kubhist2,laddning,6567,1040563269,6.311005006270311
1870,kubhist2,magnet,1480,1040563269,1.4223065949870657
1870,kubhist2,magnetisera,130,1040563269,0.12493233604616116
1870,kubhist2,magnetism,847,1040563269,0.8139822202392193
1870,kubhist2,nerv,3870,1040563269,3.7191395422972593
1870,kubhist2,repulsion,9,1040563269,0.008649161726272695
1870,kubhist2,spänning,6769,1040563269,6.505130636126654
1870,kubhist2,strålning,42,1040563269,0.04036275472260591
1870,kubhist2,ström,33721,1040563269,32.40648695240462
1870,kubhist2,strömning,1206,1040563269,1.1589876713205414
1870,kubhist2,styrka,95247,1040563269,91.53407854914394
1870,kubhist2,tension,29,1040563269,0.0278695211179898
1880,lb,attraktion,17,55511947,0.30624038461486497
1880,lb,elektricitet,104,55511947,1.8734705882321152
1880,lb,elektriker,0,55511947,0.0
1880,lb,elektrisk,427,55511947,7.69203789591455
1880,lb,emanation,6,55511947,0.10808484162877588
1880,lb,emanera,4,55511947,0.07205656108585058
1880,lb,fluidum,42,55511947,0.7565938914014311
1880,lb,induktion,36,55511947,0.6485090497726552
1880,lb,influens,0,55511947,0.0
1880,lb,influera,4,55511947,0.07205656108585058
1880,lb,kondensation,0,55511947,0.0
1880,lb,kraft,12083,55511947,217.66485690008315
1880,lb,ladda,561,55511947,10.105932692290544
1880,lb,laddning,124,55511947,2.233753393661368
1880,lb,magnet,113,55511947,2.0355978506752788
1880,lb,magnetisera,35,55511947,0.6304949095011926
1880,lb,magnetism,73,55511947,1.315032239816773
1880,lb,nerv,633,55511947,11.402950791835854
1880,lb,repulsion,2,55511947,0.03602828054292529
1880,lb,spänning,517,55511947,9.313310520346187
1880,lb,strålning,1,55511947,0.018014140271462645
1880,lb,ström,3284,55511947,59.15843665148333
1880,lb,strömning,58,55511947,1.0448201357448335
1880,lb,styrka,4928,55511947,88.77368325776791
1880,lb,tension,2,55511947,0.03602828054292529
1880,tkr,attraktion,1,45300858,0.022074637085240194
1880,tkr,elektricitet,68,45300858,1.5010753217963333
1880,tkr,elektriker,0,45300858,0.0
1880,tkr,elektrisk,483,45300858,10.662049712171015
1880,tkr,emanation,1,45300858,0.022074637085240194
1880,tkr,emanera,9,45300858,0.19867173376716177
1880,tkr,fluidum,1,45300858,0.022074637085240194
1880,tkr,induktion,4,45300858,0.08829854834096078
1880,tkr,influens,0,45300858,0.0
1880,tkr,influera,17,45300858,0.3752688304490833
1880,tkr,kondensation,0,45300858,0.0
1880,tkr,kraft,5990,45300858,132.22707614058876
1880,tkr,ladda,62,45300858,1.3686274992848921
1880,tkr,laddning,58,45300858,1.2803289509439313
1880,tkr,magnet,6,45300858,0.1324478225114412
1880,tkr,magnetisera,0,45300858,0.0
1880,tkr,magnetism,1,45300858,0.022074637085240194
1880,tkr,nerv,28,45300858,0.6180898383867255
1880,tkr,repulsion,0,45300858,0.0
1880,tkr,spänning,22,45300858,0.4856420158752843
1880,tkr,strålning,1,45300858,0.022074637085240194
1880,tkr,ström,536,45300858,11.832005477688744
1880,tkr,strömning,119,45300858,2.626881813143583
1880,tkr,styrka,4659,45300858,102.84573418013407
1880,tkr,tension,0,45300858,0.0
1880,kubhist2,attraktion,526,1450309699,0.3626811572470908
1880,kubhist2,elektricitet,17889,1450309699,12.334606885918646
1880,kubhist2,elektriker,543,1450309699,0.3744027916067877
1880,kubhist2,elektrisk,61842,1450309699,42.6405477689631
1880,kubhist2,emanation,46,1450309699,0.03171736356153266
1880,kubhist2,emanera,414,1450309699,0.2854562720537939
1880,kubhist2,fluidum,664,1450309699,0.45783324793168884
1880,kubhist2,induktion,314,1450309699,0.21650548170263598
1880,kubhist2,influens,11,1450309699,0.007584586938627375
1880,kubhist2,influera,301,1450309699,0.20754187895698545
1880,kubhist2,kondensation,179,1450309699,0.12342191472857274
1880,kubhist2,kraft,170933,1450309699,117.85965447094483
1880,kubhist2,ladda,9137,1450309699,6.300033714385303
1880,kubhist2,laddning,4316,1450309699,2.9759161115559776
1880,kubhist2,magnet,2702,1450309699,1.863050355288288
1880,kubhist2,magnetisera,458,1450309699,0.3157946198083034
1880,kubhist2,magnetism,1837,1450309699,1.2666260187507716
1880,kubhist2,nerv,8029,1450309699,5.536058957294473
1880,kubhist2,repulsion,36,1450309699,0.024822284526416865
1880,kubhist2,spänning,12391,1450309699,8.543692432411982
1880,kubhist2,strålning,57,1450309699,0.039301950500160034
1880,kubhist2,ström,77734,1450309699,53.598207371569124
1880,kubhist2,strömning,4298,1450309699,2.963504969292769
1880,kubhist2,styrka,145197,1450309699,100.11447906617082
1880,kubhist2,tension,330,1450309699,0.22753760815882126
1890,lb,attraktion,28,62219305,0.45002109875704976
1890,lb,elektricitet,128,62219305,2.057239308603656
1890,lb,elektriker,4,62219305,0.06428872839386425
1890,lb,elektrisk,750,62219305,12.054136573849547
1890,lb,emanation,2,62219305,0.032144364196932125
1890,lb,emanera,10,62219305,0.16072182098466062
1890,lb,fluidum,49,62219305,0.7875369228248371
1890,lb,induktion,10,62219305,0.16072182098466062
1890,lb,influens,5,62219305,0.08036091049233031
1890,lb,influera,27,62219305,0.4339489166585837
1890,lb,kondensation,1,62219305,0.016072182098466063
1890,lb,kraft,14234,62219305,228.77143998956595
1890,lb,ladda,679,62219305,10.913011644858457
1890,lb,laddning,133,62219305,2.137600219095986
1890,lb,magnet,97,62219305,1.559001663551208
1890,lb,magnetisera,36,62219305,0.5785985555447782
1890,lb,magnetism,55,62219305,0.8839700154156335
1890,lb,nerv,1083,62219305,17.406173212638745
1890,lb,repulsion,9,62219305,0.14464963888619456
1890,lb,spänning,937,62219305,15.059634626262701
1890,lb,strålning,5,62219305,0.08036091049233031
1890,lb,ström,4078,62219305,65.5423585975446
1890,lb,strömning,96,62219305,1.5429294814527421
1890,lb,styrka,5748,62219305,92.38290270198293
1890,lb,tension,4,62219305,0.06428872839386425
1890,tkr,attraktion,6,54990491,0.10910977317878467
1890,tkr,elektricitet,102,54990491,1.8548661440393395
1890,tkr,elektriker,11,54990491,0.20003458416110523
1890,tkr,elektrisk,1212,54990491,22.040174182114505
1890,tkr,emanation,0,54990491,0.0
1890,tkr,emanera,8,54990491,0.1454796975717129
1890,tkr,fluidum,4,54990491,0.07273984878585645
1890,tkr,induktion,3,54990491,0.05455488658939234
1890,tkr,influens,0,54990491,0.0
1890,tkr,influera,31,54990491,0.5637338280903875
1890,tkr,kondensation,1,54990491,0.01818496219646411
1890,tkr,kraft,7736,54990491,140.67886755184637
1890,tkr,ladda,85,54990491,1.5457217866994495
1890,tkr,laddning,61,54990491,1.1092826939843108
1890,tkr,magnet,4,54990491,0.07273984878585645
1890,tkr,magnetisera,0,54990491,0.0
1890,tkr,magnetism,21,54990491,0.38188420612574636
1890,tkr,nerv,41,54990491,0.7455834500550286
1890,tkr,repulsion,0,54990491,0.0
1890,tkr,spänning,43,54990491,0.7819533744479569
1890,tkr,strålning,0,54990491,0.0
1890,tkr,ström,622,54990491,11.311046486200677
1890,tkr,strömning,146,54990491,2.6550044806837603
1890,tkr,styrka,4833,54990491,87.88792229551106
1890,tkr,tension,2,54990491,0.03636992439292822
1890,kubhist2,attraktion,331,1037122519,0.31915226401520264
1890,kubhist2,elektricitet,11780,1037122519,11.358349456492709
1890,kubhist2,elektriker,873,1037122519,0.8417520437621507
1890,kubhist2,elektrisk,67617,1037122519,65.19673303902101
1890,kubhist2,emanation,19,1037122519,0.01831991847821405
1890,kubhist2,emanera,452,1037122519,0.43582121853435524
1890,kubhist2,fluidum,372,1037122519,0.3586847196787171
1890,kubhist2,induktion,145,1037122519,0.13980990417584405
1890,kubhist2,influens,52,1037122519,0.050138724256164766
1890,kubhist2,influera,400,1037122519,0.38568249427819046
1890,kubhist2,kondensation,73,1037122519,0.07038705520576977
1890,kubhist2,kraft,134738,1037122519,129.91521978513708
1890,kubhist2,ladda,7186,1037122519,6.928786009707692
1890,kubhist2,laddning,3091,1037122519,2.980361474534717
1890,kubhist2,magnet,1216,1037122519,1.1724747826056992
1890,kubhist2,magnetisera,193,1037122519,0.1860918034892269
1890,kubhist2,magnetism,607,1037122519,0.5852731850671541
1890,kubhist2,nerv,8847,1037122519,8.530332567197878
1890,kubhist2,repulsion,23,1037122519,0.022176743420995952
1890,kubhist2,spänning,10817,1037122519,10.429818851517966
1890,kubhist2,strålning,133,1037122519,0.12823942934749832
1890,kubhist2,ström,53052,1037122519,51.15306921611641
1890,kubhist2,strömning,2880,1037122519,2.7769139588029716
1890,kubhist2,styrka,84985,1037122519,81.94306694058004
1890,kubhist2,tension,153,1037122519,0.14752355406140785
1900,lb,attraktion,13,24058613,0.5403470266552772
1900,lb,elektricitet,74,24058613,3.0758215363454244
1900,lb,elektriker,2,24058613,0.08313031179311958
1900,lb,elektrisk,299,24058613,12.427981613071378
1900,lb,emanation,2,24058613,0.08313031179311958
1900,lb,emanera,2,24058613,0.08313031179311958
1900,lb,fluidum,17,24058613,0.7066076502415164
1900,lb,induktion,4,24058613,0.16626062358623916
1900,lb,influens,3,24058613,0.12469546768967937
1900,lb,influera,19,24058613,0.789737962034636
1900,lb,kondensation,0,24058613,0.0
1900,lb,kraft,4588,24058613,190.7009352534163
1900,lb,ladda,189,24058613,7.8558144644498
1900,lb,laddning,27,24058613,1.1222592092071144
1900,lb,magnet,19,24058613,0.789737962034636
1900,lb,magnetisera,11,24058613,0.4572167148621577
1900,lb,magnetism,29,24058613,1.2053895210002339
1900,lb,nerv,345,24058613,14.339978784313127
1900,lb,repulsion,3,24058613,0.12469546768967937
1900,lb,spänning,440,24058613,18.288668594486307
1900,lb,strålning,7,24058613,0.29095609127591854
1900,lb,ström,1993,24058613,82.83935570184366
1900,lb,strömning,79,24058613,3.2836473158282233
1900,lb,styrka,1922,24058613,79.88822963318792
1900,lb,tension,1,24058613,0.04156515589655979
1900,tkr,attraktion,13,91612739,0.14190166282442446
1900,tkr,elektricitet,303,91612739,3.3074002950615853
1900,tkr,elektriker,80,91612739,0.8732410019964582
1900,tkr,elektrisk,8656,91612739,94.48467641601677
1900,tkr,emanation,0,91612739,0.0
1900,tkr,emanera,11,91612739,0.120070637774513
1900,tkr,fluidum,5,91612739,0.054577562624778635
1900,tkr,induktion,43,91612739,0.46936703857309625
1900,tkr,influens,0,91612739,0.0
1900,tkr,influera,76,91612739,0.8295789518966352
1900,tkr,kondensation,7,91612739,0.0764085876746901
1900,tkr,kraft,16880,91612739,184.25385142125268
1900,tkr,ladda,66,91612739,0.7204238266470779
1900,tkr,laddning,99,91612739,1.080635739970617
1900,tkr,magnet,21,91612739,0.22922576302407027
1900,tkr,magnetisera,1,91612739,0.010915512524955727
1900,tkr,magnetism,20,91612739,0.21831025049911454
1900,tkr,nerv,72,91612739,0.7859169017968124
1900,tkr,repulsion,0,91612739,0.0
1900,tkr,spänning,314,91612739,3.427470932836098
1900,tkr,strålning,10,91612739,0.10915512524955727
1900,tkr,ström,1458,91612739,15.91481726138545
1900,tkr,strömning,199,91612739,2.1721869924661896
1900,tkr,styrka,7527,91612739,82.16106277534176
1900,tkr,tension,4,91612739,0.04366205009982291
1900,kubhist2,attraktion,30,77752738,0.38583850256180047
1900,kubhist2,elektricitet,1059,77752738,13.620099140431556
1900,kubhist2,elektriker,84,77752738,1.0803478071730412
1900,kubhist2,elektrisk,6990,77752738,89.9003710968995
1900,kubhist2,emanation,2,77752738,0.025722566837453362
1900,kubhist2,emanera,34,77752738,0.4372836362367072
1900,kubhist2,fluidum,19,77752738,0.24436438495580695
1900,kubhist2,induktion,3,77752738,0.038583850256180045
1900,kubhist2,influens,4,77752738,0.051445133674906725
1900,kubhist2,influera,34,77752738,0.4372836362367072
1900,kubhist2,kondensation,7,77752738,0.09002898393108677
1900,kubhist2,kraft,12844,77752738,165.1903242301255
1900,kubhist2,ladda,585,77752738,7.523850799955109
1900,kubhist2,laddning,256,77752738,3.2924885551940304
1900,kubhist2,magnet,282,77752738,3.6268819240809242
1900,kubhist2,magnetisera,7,77752738,0.09002898393108677
1900,kubhist2,magnetism,16,77752738,0.2057805346996269
1900,kubhist2,nerv,701,77752738,9.015759676527404
1900,kubhist2,repulsion,1,77752738,0.012861283418726681
1900,kubhist2,spänning,1150,77752738,14.790475931535685
1900,kubhist2,strålning,55,77752738,0.7073705880299676
1900,kubhist2,ström,3633,77752738,46.72504266023404
1900,kubhist2,strömning,180,77752738,2.3150310153708027
1900,kubhist2,styrka,7025,77752738,90.35051601655493
1900,kubhist2,tension,3,77752738,0.038583850256180045
1910,lb,attraktion,14,20653390,0.6778548218960665
1910,lb,elektricitet,66,20653390,3.195601303224313
1910,lb,elektriker,3,20653390,0.14525460469201423
1910,lb,elektrisk,556,20653390,26.92052006958664
1910,lb,emanation,3,20653390,0.14525460469201423
1910,lb,emanera,6,20653390,0.29050920938402847
1910,lb,fluidum,22,20653390,1.0652004344081045
1910,lb,induktion,2,20653390,0.0968364031280095
1910,lb,influens,1,20653390,0.04841820156400475
1910,lb,influera,24,20653390,1.1620368375361139
1910,lb,kondensation,2,20653390,0.0968364031280095
1910,lb,kraft,4171,20653390,201.9523187234638
1910,lb,ladda,220,20653390,10.652004344081044
1910,lb,laddning,37,20653390,1.7914734578681757
1910,lb,magnet,78,20653390,3.77661972199237
1910,lb,magnetisera,12,20653390,0.5810184187680569
1910,lb,magnetism,72,20653390,3.4861105126083416
1910,lb,nerv,283,20653390,13.702351042613344
1910,lb,repulsion,4,20653390,0.193672806256019
1910,lb,spänning,492,20653390,23.821755169490334
1910,lb,strålning,8,20653390,0.387345612512038
1910,lb,ström,1537,20653390,74.41877580387529
1910,lb,strömning,36,20653390,1.7430552563041708
1910,lb,styrka,1345,20653390,65.12248110358638
1910,lb,tension,0,20653390,0.0
1910,tkr,attraktion,6,146452973,0.040968782518330984
1910,tkr,elektricitet,571,146452973,3.898862469661166
1910,tkr,elektriker,69,146452973,0.47114099896080636
1910,tkr,elektrisk,14479,146452973,98.86450034715239
1910,tkr,emanation,2,146452973,0.013656260839443662
1910,tkr,emanera,20,146452973,0.13656260839443662
1910,tkr,fluidum,5,146452973,0.034140652098609156
1910,tkr,induktion,7,146452973,0.04779691293805282
1910,tkr,influens,6,146452973,0.040968782518330984
1910,tkr,influera,225,146452973,1.536329344437412
1910,tkr,kondensation,6,146452973,0.040968782518330984
1910,tkr,kraft,30619,146452973,209.07052532146275
1910,tkr,ladda,61,146452973,0.4165159556030317
1910,tkr,laddning,50,146452973,0.34140652098609153
1910,tkr,magnet,14,146452973,0.09559382587610564
1910,tkr,magnetisera,1,146452973,0.006828130419721831
1910,tkr,magnetism,64,146452973,0.4370003468621972
1910,tkr,nerv,138,146452973,0.9422819979216127
1910,tkr,repulsion,1,146452973,0.006828130419721831
1910,tkr,spänning,439,146452973,2.997549254257884
1910,tkr,strålning,25,146452973,0.17070326049304577
1910,tkr,ström,2117,146452973,14.455152098551116
1910,tkr,strömning,309,146452973,2.109892299694046
1910,tkr,styrka,12535,146452973,85.59061481121316
1910,tkr,tension,0,146452973,0.0
1920,lb,attraktion,13,19664571,0.6610873941770711
1920,lb,elektricitet,23,19664571,1.1696161589286642
1920,lb,elektriker,7,19664571,0.35597013532611516
1920,lb,elektrisk,224,19664571,11.391044330435685
1920,lb,emanation,0,19664571,0.0
1920,lb,emanera,7,19664571,0.35597013532611516
1920,lb,fluidum,10,19664571,0.5085287647515931
1920,lb,induktion,7,19664571,0.35597013532611516
1920,lb,influens,2,19664571,0.10170575295031863
1920,lb,influera,16,19664571,0.813646023602549
1920,lb,kondensation,0,19664571,0.0
1920,lb,kraft,3185,19664571,161.9664115733824
1920,lb,ladda,139,19664571,7.068549830047144
1920,lb,laddning,14,19664571,0.7119402706522303
1920,lb,magnet,14,19664571,0.7119402706522303
1920,lb,magnetisera,3,19664571,0.15255862942547793
1920,lb,magnetism,10,19664571,0.5085287647515931
1920,lb,nerv,228,19664571,11.594455836336323
1920,lb,repulsion,3,19664571,0.15255862942547793
1920,lb,spänning,380,19664571,19.32409306056054
1920,lb,strålning,0,19664571,0.0
1920,lb,ström,1012,19664571,51.463110992861225
1920,lb,strömning,23,19664571,1.1696161589286642
1920,lb,styrka,1047,19664571,53.2429616694918
1920,lb,tension,0,19664571,0.0
1920,tkr,attraktion,13,129092646,0.10070287040208317
1920,tkr,elektricitet,391,129092646,3.0288324867088092
1920,tkr,elektriker,61,129092646,0.4725288534251595
1920,tkr,elektrisk,11406,129092646,88.3551492158585
1920,tkr,emanation,0,129092646,0.0
1920,tkr,emanera,45,129092646,0.34858685908413406
1920,tkr,fluidum,2,129092646,0.01549274929262818
1920,tkr,induktion,7,129092646,0.05422462252419863
1920,tkr,influens,0,129092646,0.0
1920,tkr,influera,239,129092646,1.8513835404690675
1920,tkr,kondensation,4,129092646,0.03098549858525636
1920,tkr,kraft,25631,129092646,198.54732855967643
1920,tkr,ladda,42,129092646,0.3253477351451918
1920,tkr,laddning,84,129092646,0.6506954702903835
1920,tkr,magnet,12,129092646,0.09295649575576907
1920,tkr,magnetisera,1,129092646,0.00774637464631409
1920,tkr,magnetism,12,129092646,0.09295649575576907
1920,tkr,nerv,85,129092646,0.6584418449366977
1920,tkr,repulsion,0,129092646,0.0
1920,tkr,spänning,410,129092646,3.1760136049887766
1920,tkr,strålning,12,129092646,0.09295649575576907
1920,tkr,ström,1560,129092646,12.08434444824998
1920,tkr,strömning,196,129092646,1.5182894306775616
1920,tkr,styrka,9235,129092646,71.53776985871062
1920,tkr,tension,1,129092646,0.00774637464631409
1930,lb,attraktion,12,16234117,0.7391840283028637
1930,lb,elektricitet,11,16234117,0.677585359277625
1930,lb,elektriker,13,16234117,0.8007826973281023
1930,lb,elektrisk,184,16234117,11.33415510064391
1930,lb,emanation,3,16234117,0.18479600707571592
1930,lb,emanera,4,16234117,0.24639467610095456
1930,lb,fluidum,9,16234117,0.5543880212271477
1930,lb,induktion,1,16234117,0.06159866902523864
1930,lb,influens,0,16234117,0.0
1930,lb,influera,18,16234117,1.1087760424542954
1930,lb,kondensation,0,16234117,0.0
1930,lb,kraft,2276,16234117,140.19857070144315
1930,lb,ladda,74,16234117,4.558301507867659
1930,lb,laddning,14,16234117,0.862381366353341
1930,lb,magnet,10,16234117,0.6159866902523864
1930,lb,magnetisera,1,16234117,0.06159866902523864
1930,lb,magnetism,3,16234117,0.18479600707571592
1930,lb,nerv,218,16234117,13.428509847502022
1930,lb,repulsion,2,16234117,0.12319733805047728
1930,lb,spänning,283,16234117,17.432423334142534
1930,lb,strålning,10,16234117,0.6159866902523864
1930,lb,ström,838,16234117,51.61968464314998
1930,lb,strömning,59,16234117,3.6343214724890798
1930,lb,styrka,689,16234117,42.44148295838942
1930,lb,tension,0,16234117,0.0
1930,tkr,attraktion,14,130093121,0.10761522125370487
1930,tkr,elektricitet,281,130093121,2.1599912265922194
1930,tkr,elektriker,30,130093121,0.2306040455436533
1930,tkr,elektrisk,9410,130093121,72.33280228552591
1930,tkr,emanation,2,130093121,0.015373603036243553
1930,tkr,emanera,52,130093121,0.3997136789423324
1930,tkr,fluidum,0,130093121,0.0
1930,tkr,induktion,5,130093121,0.03843400759060889
1930,tkr,influens,3,130093121,0.02306040455436533
1930,tkr,influera,288,130093121,2.2137988372190716
1930,tkr,kondensation,3,130093121,0.02306040455436533
1930,tkr,kraft,23051,130093121,177.18846179422508
1930,tkr,ladda,34,130093121,0.2613512516161404
1930,tkr,laddning,71,130093121,0.5457629077866462
1930,tkr,magnet,5,130093121,0.03843400759060889
1930,tkr,magnetisera,4,130093121,0.030747206072487106
1930,tkr,magnetism,19,130093121,0.14604922884431376
1930,tkr,nerv,126,130093121,0.9685369912833439
1930,tkr,repulsion,0,130093121,0.0
1930,tkr,spänning,846,130093121,6.5030340843310235
1930,tkr,strålning,15,130093121,0.11530202277182665
1930,tkr,ström,1370,130093121,10.530918079826835
1930,tkr,strömning,224,130093121,1.721843540059278
1930,tkr,styrka,8722,130093121,67.04428284105813
1930,tkr,tension,1,130093121,0.0076868015181217764
1940,lb,attraktion,4,4503154,0.8882663128998031
1940,lb,elektricitet,7,4503154,1.5544660475746555
1940,lb,elektriker,1,4503154,0.22206657822495077
1940,lb,elektrisk,51,4503154,11.32539548947249
1940,lb,emanation,0,4503154,0.0
1940,lb,emanera,3,4503154,0.6661997346748524
1940,lb,fluidum,2,4503154,0.44413315644990153
1940,lb,induktion,1,4503154,0.22206657822495077
1940,lb,influens,4,4503154,0.8882663128998031
1940,lb,influera,12,4503154,2.6647989386994095
1940,lb,kondensation,0,4503154,0.0
1940,lb,kraft,1559,4503154,346.20179545269826
1940,lb,ladda,46,4503154,10.215062598347735
1940,lb,laddning,4,4503154,0.8882663128998031
1940,lb,magnet,8,4503154,1.7765326257996061
1940,lb,magnetisera,0,4503154,0.0
1940,lb,magnetism,5,4503154,1.1103328911247539
1940,lb,nerv,132,4503154,29.312788325693504
1940,lb,repulsion,0,4503154,0.0
1940,lb,spänning,185,4503154,41.082316971615896
1940,lb,strålning,4,4503154,0.8882663128998031
1940,lb,ström,273,4503154,60.624175855411565
1940,lb,strömning,23,4503154,5.107531299173868
1940,lb,styrka,339,4503154,75.28057001825832
1940,lb,tension,0,4503154,0.0
1940,tkr,attraktion,18,133229745,0.13510496473591538
1940,tkr,elektricitet,218,133229745,1.6362712395794197
1940,tkr,elektriker,130,133229745,0.9757580786482778
1940,tkr,elektrisk,10592,133229745,79.50176591571199
1940,tkr,emanation,1,133229745,0.007505831374217522
1940,tkr,emanera,79,133229745,0.5929606785631842
1940,tkr,fluidum,0,133229745,0.0
1940,tkr,induktion,1,133229745,0.007505831374217522
1940,tkr,influens,5,133229745,0.037529156871087606
1940,tkr,influera,274,133229745,2.056597796535601
1940,tkr,kondensation,5,133229745,0.037529156871087606
1940,tkr,kraft,26714,133229745,200.51077933084687
1940,tkr,ladda,82,133229745,0.6154781726858368
1940,tkr,laddning,104,133229745,0.7806064629186222
1940,tkr,magnet,12,133229745,0.09006997649061026
1940,tkr,magnetisera,0,133229745,0.0
1940,tkr,magnetism,0,133229745,0.0
1940,tkr,nerv,140,133229745,1.050816392390453
1940,tkr,repulsion,0,133229745,0.0
1940,tkr,spänning,1076,133229745,8.076274558658053
1940,tkr,strålning,142,133229745,1.0658280551388881
1940,tkr,ström,1205,133229745,9.044526805932113
1940,tkr,strömning,94,133229745,0.705548149176447
1940,tkr,styrka,7185,133229745,53.92939842375289
1940,tkr,tension,0,133229745,0.0
1950,lb,attraktion,2,737649,2.7113166289115824
1950,lb,elektricitet,1,737649,1.3556583144557912
1950,lb,elektriker,2,737649,2.7113166289115824
1950,lb,elektrisk,7,737649,9.489608201190538
1950,lb,emanation,0,737649,0.0
1950,lb,emanera,0,737649,0.0
1950,lb,fluidum,0,737649,0.0
1950,lb,induktion,0,737649,0.0
1950,lb,influens,0,737649,0.0
1950,lb,influera,1,737649,1.3556583144557912
1950,lb,kondensation,0,737649,0.0
1950,lb,kraft,82,737649,111.16398178537489
1950,lb,ladda,9,737649,12.200924830102121
1950,lb,laddning,4,737649,5.422633257823165
1950,lb,magnet,1,737649,1.3556583144557912
1950,lb,magnetisera,0,737649,0.0
1950,lb,magnetism,0,737649,0.0
1950,lb,nerv,4,737649,5.422633257823165
1950,lb,repulsion,0,737649,0.0
1950,lb,spänning,13,737649,17.623558087925286
1950,lb,strålning,1,737649,1.3556583144557912
1950,lb,ström,66,737649,89.47344875408223
1950,lb,strömning,3,737649,4.066974943367374
1950,lb,styrka,34,737649,46.0923826914969
1950,lb,tension,0,737649,0.0
1950,tkr,attraktion,23,134940616,0.170445346121734
1950,tkr,elektricitet,280,134940616,2.0749868223515446
1950,tkr,elektriker,162,134940616,1.2005280900748223
1950,tkr,elektrisk,8719,134940616,64.61360751458257
1950,tkr,emanation,4,134940616,0.029642668890736353
1950,tkr,emanera,76,134940616,0.5632107089239907
1950,tkr,fluidum,0,134940616,0.0
1950,tkr,induktion,182,134940616,1.348741434528504
1950,tkr,influens,39,134940616,0.28901602168467944
1950,tkr,influera,277,134940616,2.0527548206834925
1950,tkr,kondensation,6,134940616,0.04446400333610453
1950,tkr,kraft,26804,134940616,198.6355242368243
1950,tkr,ladda,107,134940616,0.7929413928271974
1950,tkr,laddning,290,134940616,2.1490934945783855
1950,tkr,magnet,19,134940616,0.14080267723099768
1950,tkr,magnetisera,0,134940616,0.0
1950,tkr,magnetism,1,134940616,0.007410667222684088
1950,tkr,nerv,131,134940616,0.9707974061716155
1950,tkr,repulsion,0,134940616,0.0
1950,tkr,spänning,1362,134940616,10.093328757295728
1950,tkr,strålning,830,134940616,6.150853794827793
1950,tkr,ström,1238,134940616,9.1744060216829
1950,tkr,strömning,125,134940616,0.926333402835511
1950,tkr,styrka,6518,134940616,48.30272895745488
1950,tkr,tension,0,134940616,0.0
1960,lb,attraktion,0,803051,0.0
1960,lb,elektricitet,0,803051,0.0
1960,lb,elektriker,0,803051,0.0
1960,lb,elektrisk,1,803051,1.2452509242874985
1960,lb,emanation,0,803051,0.0
1960,lb,emanera,0,803051,0.0
1960,lb,fluidum,0,803051,0.0
1960,lb,induktion,0,803051,0.0
1960,lb,influens,2,803051,2.490501848574997
1960,lb,influera,0,803051,0.0
1960,lb,kondensation,0,803051,0.0
1960,lb,kraft,39,803051,48.56478604721244
1960,lb,ladda,6,803051,7.471505545724991
1960,lb,laddning,0,803051,0.0
1960,lb,magnet,0,803051,0.0
1960,lb,magnetisera,0,803051,0.0
1960,lb,magnetism,8,803051,9.962007394299988
1960,lb,nerv,0,803051,0.0
1960,lb,repulsion,0,803051,0.0
1960,lb,spänning,7,803051,8.71675647001249
1960,lb,strålning,0,803051,0.0
1960,lb,ström,58,803051,72.22455360867491
1960,lb,strömning,3,803051,3.7357527728624955
1960,lb,styrka,9,803051,11.207258318587487
1960,lb,tension,0,803051,0.0
1960,tkr,attraktion,56,145935106,0.3837322049157932
1960,tkr,elektricitet,208,145935106,1.425291046830089
1960,tkr,elektriker,98,145935106,0.6715313586026381
1960,tkr,elektrisk,5001,145935106,34.26865637114074
1960,tkr,emanation,0,145935106,0.0
1960,tkr,emanera,112,145935106,0.7674644098315864
1960,tkr,fluidum,2,145935106,0.01370472160413547
1960,tkr,induktion,4,145935106,0.02740944320827094
1960,tkr,influens,29,145935106,0.19871846325996434
1960,tkr,influera,251,145935106,1.7199425613190016
1960,tkr,kondensation,5,145935106,0.034261804010338674
1960,tkr,kraft,27993,145935106,191.81813593228213
1960,tkr,ladda,114,145935106,0.7811691314357219
1960,tkr,laddning,122,145935106,0.8359880178522637
1960,tkr,magnet,18,145935106,0.12334249443721924
1960,tkr,magnetisera,2,145935106,0.01370472160413547
1960,tkr,magnetism,7,145935106,0.04796652561447415
1960,tkr,nerv,90,145935106,0.6167124721860962
1960,tkr,repulsion,1,145935106,0.006852360802067735
1960,tkr,spänning,946,145935106,6.482333318756078
1960,tkr,strålning,581,145935106,3.9812216260013544
1960,tkr,ström,1069,145935106,7.325173697410409
1960,tkr,strömning,179,145935106,1.2265725835701247
1960,tkr,styrka,8316,145935106,56.98423242999529
1960,tkr,tension,0,145935106,0.0
1970,lb,attraktion,0,88498,0.0
1970,lb,elektricitet,0,88498,0.0
1970,lb,elektriker,0,88498,0.0
1970,lb,elektrisk,0,88498,0.0
1970,lb,emanation,0,88498,0.0
1970,lb,emanera,0,88498,0.0
1970,lb,fluidum,0,88498,0.0
1970,lb,induktion,0,88498,0.0
1970,lb,influens,0,88498,0.0
1970,lb,influera,0,88498,0.0
1970,lb,kondensation,0,88498,0.0
1970,lb,kraft,7,88498,79.09783271938349
1970,lb,ladda,0,88498,0.0
1970,lb,laddning,0,88498,0.0
1970,lb,magnet,2,88498,22.59938077696671
1970,lb,magnetisera,0,88498,0.0
1970,lb,magnetism,0,88498,0.0
1970,lb,nerv,0,88498,0.0
1970,lb,repulsion,0,88498,0.0
1970,lb,spänning,0,88498,0.0
1970,lb,strålning,0,88498,0.0
1970,lb,ström,1,88498,11.299690388483356
1970,lb,strömning,0,88498,0.0
1970,lb,styrka,3,88498,33.89907116545007
1970,lb,tension,0,88498,0.0
1970,tkr,attraktion,2,17225518,0.11610681315940688
1970,tkr,elektricitet,22,17225518,1.2771749447534757
1970,tkr,elektriker,9,17225518,0.5224806592173309
1970,tkr,elektrisk,1407,17225518,81.68114305764274
1970,tkr,emanation,0,17225518,0.0
1970,tkr,emanera,11,17225518,0.6385874723767379
1970,tkr,fluidum,0,17225518,0.0
1970,tkr,induktion,31,17225518,1.7996556039708065
1970,tkr,influens,11,17225518,0.6385874723767379
1970,tkr,influera,27,17225518,1.5674419776519928
1970,tkr,kondensation,0,17225518,0.0
1970,tkr,kraft,4410,17225518,256.0155230164922
1970,tkr,ladda,24,17225518,1.3932817579128824
1970,tkr,laddning,9,17225518,0.5224806592173309
1970,tkr,magnet,1,17225518,0.05805340657970344
1970,tkr,magnetisera,0,17225518,0.0
1970,tkr,magnetism,0,17225518,0.0
1970,tkr,nerv,5,17225518,0.2902670328985172
1970,tkr,repulsion,0,17225518,0.0
1970,tkr,spänning,187,17225518,10.855987030404544
1970,tkr,strålning,17,17225518,0.9869079118549584
1970,tkr,ström,293,17225518,17.009648127853108
1970,tkr,strömning,15,17225518,0.8708010986955516
1970,tkr,styrka,1144,17225518,66.41309712718073
1970,tkr,tension,0,17225518,0.0
1980,lb,attraktion,2,441715,4.5278063909987205
1980,lb,elektricitet,0,441715,0.0
1980,lb,elektriker,0,441715,0.0
1980,lb,elektrisk,2,441715,4.5278063909987205
1980,lb,emanation,0,441715,0.0
1980,lb,emanera,0,441715,0.0
1980,lb,fluidum,0,441715,0.0
1980,lb,induktion,1,441715,2.2639031954993603
1980,lb,influens,0,441715,0.0
1980,lb,influera,0,441715,0.0
1980,lb,kondensation,0,441715,0.0
1980,lb,kraft,11,441715,24.902935150492965
1980,lb,ladda,11,441715,24.902935150492965
1980,lb,laddning,2,441715,4.5278063909987205
1980,lb,magnet,0,441715,0.0
1980,lb,magnetisera,0,441715,0.0
1980,lb,magnetism,0,441715,0.0
1980,lb,nerv,1,441715,2.2639031954993603
1980,lb,repulsion,0,441715,0.0
1980,lb,spänning,11,441715,24.902935150492965
1980,lb,strålning,0,441715,0.0
1980,lb,ström,88,441715,199.22348120394372
1980,lb,strömning,3,441715,6.791709586498081
1980,lb,styrka,2,441715,4.5278063909987205
1980,lb,tension,0,441715,0.0
1990,lb,attraktion,0,289511,0.0
1990,lb,elektricitet,3,289511,10.362300568890301
1990,lb,elektriker,0,289511,0.0
1990,lb,elektrisk,7,289511,24.178701327410703
1990,lb,emanation,0,289511,0.0
1990,lb,emanera,2,289511,6.908200379260201
1990,lb,fluidum,0,289511,0.0
1990,lb,induktion,3,289511,10.362300568890301
1990,lb,influens,5,289511,17.270500948150502
1990,lb,influera,4,289511,13.816400758520402
1990,lb,kondensation,0,289511,0.0
1990,lb,kraft,30,289511,103.623005688903
1990,lb,ladda,4,289511,13.816400758520402
1990,lb,laddning,3,289511,10.362300568890301
1990,lb,magnet,0,289511,0.0
1990,lb,magnetisera,0,289511,0.0
1990,lb,magnetism,0,289511,0.0
1990,lb,nerv,8,289511,27.632801517040804
1990,lb,repulsion,0,289511,0.0
1990,lb,spänning,18,289511,62.17380341334181
1990,lb,strålning,0,289511,0.0
1990,lb,ström,9,289511,31.086901706670904
1990,lb,strömning,5,289511,17.270500948150502
1990,lb,styrka,14,289511,48.357402654821406
1990,lb,tension,0,289511,0.0
2000,lb,attraktion,0,104933,0.0
2000,lb,elektricitet,0,104933,0.0
2000,lb,elektriker,0,104933,0.0
2000,lb,elektrisk,0,104933,0.0
2000,lb,emanation,0,104933,0.0
2000,lb,emanera,0,104933,0.0
2000,lb,fluidum,6,104933,57.17934300934882
2000,lb,induktion,0,104933,0.0
2000,lb,influens,0,104933,0.0
2000,lb,influera,0,104933,0.0
2000,lb,kondensation,0,104933,0.0
2000,lb,kraft,4,104933,38.11956200623255
2000,lb,ladda,1,104933,9.529890501558137
2000,lb,laddning,0,104933,0.0
2000,lb,magnet,0,104933,0.0
2000,lb,magnetisera,0,104933,0.0
2000,lb,magnetism,0,104933,0.0
2000,lb,nerv,0,104933,0.0
2000,lb,repulsion,0,104933,0.0
2000,lb,spänning,0,104933,0.0
2000,lb,strålning,0,104933,0.0
2000,lb,ström,1,104933,9.529890501558137
2000,lb,strömning,0,104933,0.0
2000,lb,styrka,5,104933,47.649452507790684
2000,lb,tension,0,104933,0.0
2010,lb,attraktion,0,355677,0.0
2010,lb,elektricitet,0,355677,0.0
2010,lb,elektriker,0,355677,0.0
2010,lb,elektrisk,3,355677,8.434619050430587
2010,lb,emanation,0,355677,0.0
2010,lb,emanera,0,355677,0.0
2010,lb,fluidum,1,355677,2.8115396834768625
2010,lb,induktion,0,355677,0.0
2010,lb,influens,0,355677,0.0
2010,lb,influera,0,355677,0.0
2010,lb,kondensation,0,355677,0.0
2010,lb,kraft,81,355677,227.73471436162586
2010,lb,ladda,4,355677,11.24615873390745
2010,lb,laddning,0,355677,0.0
2010,lb,magnet,0,355677,0.0
2010,lb,magnetisera,0,355677,0.0
2010,lb,magnetism,0,355677,0.0
2010,lb,nerv,6,355677,16.869238100861175
2010,lb,repulsion,0,355677,0.0
2010,lb,spänning,5,355677,14.057698417384312
2010,lb,strålning,0,355677,0.0
2010,lb,ström,22,355677,61.853873036490974
2010,lb,strömning,2,355677,5.623079366953725
2010,lb,styrka,19,355677,53.41925398606038
2010,lb,tension,0,355677,0.0
2020,lb,attraktion,0,475824,0.0
2020,lb,elektricitet,0,475824,0.0
2020,lb,elektriker,0,475824,0.0
2020,lb,elektrisk,1,475824,2.101617404754699
2020,lb,emanation,0,475824,0.0
2020,lb,emanera,1,475824,2.101617404754699
2020,lb,fluidum,0,475824,0.0
2020,lb,induktion,0,475824,0.0
2020,lb,influens,9,475824,18.91455664279229
2020,lb,influera,4,475824,8.406469619018797
2020,lb,kondensation,0,475824,0.0
2020,lb,kraft,7,475824,14.711321833282895
2020,lb,ladda,2,475824,4.203234809509398
2020,lb,laddning,0,475824,0.0
2020,lb,magnet,1,475824,2.101617404754699
2020,lb,magnetisera,0,475824,0.0
2020,lb,magnetism,0,475824,0.0
2020,lb,nerv,0,475824,0.0
2020,lb,repulsion,0,475824,0.0
2020,lb,spänning,0,475824,0.0
2020,lb,strålning,0,475824,0.0
2020,lb,ström,1,475824,2.101617404754699
2020,lb,strömning,2,475824,4.203234809509398
2020,lb,styrka,2,475824,4.203234809509398
2020,lb,tension,0,475824,0.0
