word,resource,decade,api_absolute,workbook_examples,examples_with_source_url,difference_api_minus_workbook,tokens,api_per_million
attraktion,kubhist2,1870,250,250,250,0,1040563269,0.2402544923964638
attraktion,kubhist2,1880,526,525,525,1,1450309699,0.3626811572470908
attraktion,kubhist2,1890,331,331,331,0,1037122519,0.31915226401520264
attraktion,kubhist2,1900,30,30,30,0,77752738,0.38583850256180047
attraktion,lb,1620,0,0,0,0,12158,0.0
attraktion,lb,1640,0,0,0,0,48209,0.0
attraktion,lb,1700,0,0,0,0,1796708,0.0
attraktion,lb,1710,0,0,0,0,64639,0.0
attraktion,lb,1730,0,0,0,0,33381,0.0
attraktion,lb,1740,0,0,0,0,47561,0.0
attraktion,lb,1750,0,0,0,0,1095966,0.0
attraktion,lb,1760,0,0,0,0,24422,0.0
attraktion,lb,1770,0,0,0,0,69907,0.0
attraktion,lb,1780,0,0,0,0,48621,0.0
attraktion,lb,1790,0,0,0,0,789177,0.0
attraktion,lb,1800,0,0,0,0,736942,0.0
attraktion,lb,1810,0,0,0,0,1369393,0.0
attraktion,lb,1820,0,0,0,0,842254,0.0
attraktion,lb,1830,1,1,1,0,11653970,0.08580766897460694
attraktion,lb,1840,9,4,4,5,30985848,0.29045517811873345
attraktion,lb,1850,8,5,5,3,24055763,0.33256064253709183
attraktion,lb,1860,17,10,10,7,30066424,0.5654147629927656
attraktion,lb,1870,14,12,12,2,34605387,0.40456128983617495
attraktion,lb,1880,17,16,16,1,55511947,0.30624038461486497
attraktion,lb,1890,28,15,15,13,62219305,0.45002109875704976
attraktion,lb,1900,13,9,9,4,24058613,0.5403470266552772
attraktion,lb,1910,14,11,11,3,20653390,0.6778548218960665
attraktion,lb,1920,13,4,4,9,19664571,0.6610873941770711
attraktion,lb,1930,12,3,3,9,16234117,0.7391840283028637
attraktion,lb,1940,4,3,3,1,4503154,0.8882663128998031
attraktion,lb,1950,2,1,1,1,737649,2.7113166289115824
attraktion,lb,1960,0,0,0,0,803051,0.0
attraktion,lb,1970,0,0,0,0,88498,0.0
attraktion,lb,1980,2,0,0,2,441715,4.5278063909987205
attraktion,lb,1990,0,0,0,0,289511,0.0
attraktion,lb,2000,0,0,0,0,104933,0.0
attraktion,lb,2010,0,0,0,0,355677,0.0
attraktion,lb,2020,0,0,0,0,475824,0.0
attraktion,tkr,1860,1,1,0,0,14301457,0.06992294561316376
attraktion,tkr,1870,2,2,0,0,48663079,0.041098920189575346
attraktion,tkr,1880,1,1,0,0,45300858,0.022074637085240194
attraktion,tkr,1890,6,6,0,0,54990491,0.10910977317878467
attraktion,tkr,1900,13,13,0,0,91612739,0.14190166282442446
attraktion,tkr,1910,6,6,0,0,146452973,0.040968782518330984
attraktion,tkr,1920,13,13,0,0,129092646,0.10070287040208317
attraktion,tkr,1930,14,14,0,0,130093121,0.10761522125370487
attraktion,tkr,1940,18,18,0,0,133229745,0.13510496473591538
attraktion,tkr,1950,23,23,0,0,134940616,0.170445346121734
attraktion,tkr,1960,56,56,0,0,145935106,0.3837322049157932
attraktion,tkr,1970,2,2,0,0,17225518,0.11610681315940688
elektricitet,kubhist2,1870,6588,6586,6586,2,1040563269,6.331186383631613
elektricitet,kubhist2,1880,17889,17883,17883,6,1450309699,12.334606885918646
elektricitet,kubhist2,1890,11780,11776,11776,4,1037122519,11.358349456492709
elektricitet,kubhist2,1900,1059,1058,1058,1,77752738,13.620099140431556
elektricitet,lb,1620,0,0,0,0,12158,0.0
elektricitet,lb,1640,0,0,0,0,48209,0.0
elektricitet,lb,1700,0,0,0,0,1796708,0.0
elektricitet,lb,1710,0,0,0,0,64639,0.0
elektricitet,lb,1730,0,0,0,0,33381,0.0
elektricitet,lb,1740,0,0,0,0,47561,0.0
elektricitet,lb,1750,0,0,0,0,1095966,0.0
elektricitet,lb,1760,0,0,0,0,24422,0.0
elektricitet,lb,1770,0,0,0,0,69907,0.0
elektricitet,lb,1780,0,0,0,0,48621,0.0
elektricitet,lb,1790,1,0,0,1,789177,1.2671428589530613
elektricitet,lb,1800,0,0,0,0,736942,0.0
elektricitet,lb,1810,1,1,1,0,1369393,0.7302505562683612
elektricitet,lb,1820,0,0,0,0,842254,0.0
elektricitet,lb,1830,10,7,7,3,11653970,0.8580766897460693
elektricitet,lb,1840,19,13,13,6,30985848,0.613183153806215
elektricitet,lb,1850,22,18,18,4,24055763,0.9145417669770025
elektricitet,lb,1860,33,26,26,7,30066424,1.0975698340447804
elektricitet,lb,1870,39,32,32,7,34605387,1.12699216454363
elektricitet,lb,1880,104,62,62,42,55511947,1.8734705882321152
elektricitet,lb,1890,128,108,108,20,62219305,2.057239308603656
elektricitet,lb,1900,74,53,53,21,24058613,3.0758215363454244
elektricitet,lb,1910,66,60,60,6,20653390,3.195601303224313
elektricitet,lb,1920,23,17,17,6,19664571,1.1696161589286642
elektricitet,lb,1930,11,10,10,1,16234117,0.677585359277625
elektricitet,lb,1940,7,4,4,3,4503154,1.5544660475746555
elektricitet,lb,1950,1,0,0,1,737649,1.3556583144557912
elektricitet,lb,1960,0,0,0,0,803051,0.0
elektricitet,lb,1970,0,0,0,0,88498,0.0
elektricitet,lb,1980,0,0,0,0,441715,0.0
elektricitet,lb,1990,3,0,0,3,289511,10.362300568890301
elektricitet,lb,2000,0,0,0,0,104933,0.0
elektricitet,lb,2010,0,0,0,0,355677,0.0
elektricitet,lb,2020,0,0,0,0,475824,0.0
elektricitet,tkr,1860,3,3,0,0,14301457,0.20976883683949124
elektricitet,tkr,1870,45,45,0,0,48663079,0.9247257042654453
elektricitet,tkr,1880,68,68,0,0,45300858,1.5010753217963333
elektricitet,tkr,1890,102,102,0,0,54990491,1.8548661440393395
elektricitet,tkr,1900,303,302,0,1,91612739,3.3074002950615853
elektricitet,tkr,1910,571,571,0,0,146452973,3.898862469661166
elektricitet,tkr,1920,391,390,0,1,129092646,3.0288324867088092
elektricitet,tkr,1930,281,281,0,0,130093121,2.1599912265922194
elektricitet,tkr,1940,218,218,0,0,133229745,1.6362712395794197
elektricitet,tkr,1950,280,280,0,0,134940616,2.0749868223515446
elektricitet,tkr,1960,208,208,0,0,145935106,1.425291046830089
elektricitet,tkr,1970,22,22,0,0,17225518,1.2771749447534757
elektriker,kubhist2,1870,15,15,15,0,1040563269,0.014415269543787827
elektriker,kubhist2,1880,543,542,542,1,1450309699,0.3744027916067877
elektriker,kubhist2,1890,873,873,873,0,1037122519,0.8417520437621507
elektriker,kubhist2,1900,84,84,84,0,77752738,1.0803478071730412
elektriker,lb,1620,0,0,0,0,12158,0.0
elektriker,lb,1640,0,0,0,0,48209,0.0
elektriker,lb,1700,0,0,0,0,1796708,0.0
elektriker,lb,1710,0,0,0,0,64639,0.0
elektriker,lb,1730,0,0,0,0,33381,0.0
elektriker,lb,1740,0,0,0,0,47561,0.0
elektriker,lb,1750,0,0,0,0,1095966,0.0
elektriker,lb,1760,0,0,0,0,24422,0.0
elektriker,lb,1770,0,0,0,0,69907,0.0
elektriker,lb,1780,0,0,0,0,48621,0.0
elektriker,lb,1790,0,0,0,0,789177,0.0
elektriker,lb,1800,0,0,0,0,736942,0.0
elektriker,lb,1810,0,0,0,0,1369393,0.0
elektriker,lb,1820,0,0,0,0,842254,0.0
elektriker,lb,1830,0,0,0,0,11653970,0.0
elektriker,lb,1840,0,0,0,0,30985848,0.0
elektriker,lb,1850,0,0,0,0,24055763,0.0
elektriker,lb,1860,0,0,0,0,30066424,0.0
elektriker,lb,1870,0,0,0,0,34605387,0.0
elektriker,lb,1880,0,0,0,0,55511947,0.0
elektriker,lb,1890,4,4,4,0,62219305,0.06428872839386425
elektriker,lb,1900,2,2,2,0,24058613,0.08313031179311958
elektriker,lb,1910,3,3,3,0,20653390,0.14525460469201423
elektriker,lb,1920,7,4,4,3,19664571,0.35597013532611516
elektriker,lb,1930,13,11,11,2,16234117,0.8007826973281023
elektriker,lb,1940,1,1,1,0,4503154,0.22206657822495077
elektriker,lb,1950,2,2,2,0,737649,2.7113166289115824
elektriker,lb,1960,0,0,0,0,803051,0.0
elektriker,lb,1970,0,0,0,0,88498,0.0
elektriker,lb,1980,0,0,0,0,441715,0.0
elektriker,lb,1990,0,0,0,0,289511,0.0
elektriker,lb,2000,0,0,0,0,104933,0.0
elektriker,lb,2010,0,0,0,0,355677,0.0
elektriker,lb,2020,0,0,0,0,475824,0.0
elektriker,tkr,1860,0,0,0,0,14301457,0.0
elektriker,tkr,1870,0,0,0,0,48663079,0.0
elektriker,tkr,1880,0,0,0,0,45300858,0.0
elektriker,tkr,1890,11,11,0,0,54990491,0.20003458416110523
elektriker,tkr,1900,80,80,0,0,91612739,0.8732410019964582
elektriker,tkr,1910,69,69,0,0,146452973,0.47114099896080636
elektriker,tkr,1920,61,61,0,0,129092646,0.4725288534251595
elektriker,tkr,1930,30,30,0,0,130093121,0.2306040455436533
elektriker,tkr,1940,130,130,0,0,133229745,0.9757580786482778
elektriker,tkr,1950,162,162,0,0,134940616,1.2005280900748223
elektriker,tkr,1960,98,98,0,0,145935106,0.6715313586026381
elektriker,tkr,1970,9,9,0,0,17225518,0.5224806592173309
elektrisk,kubhist2,1870,14197,14191,14191,6,1040563269,13.643572114210386
elektrisk,kubhist2,1880,61842,61832,61832,10,1450309699,42.6405477689631
elektrisk,kubhist2,1890,67617,67591,67591,26,1037122519,65.19673303902101
elektrisk,kubhist2,1900,6990,6987,6987,3,77752738,89.9003710968995
elektrisk,lb,1620,0,0,0,0,12158,0.0
elektrisk,lb,1640,0,0,0,0,48209,0.0
elektrisk,lb,1700,0,0,0,0,1796708,0.0
elektrisk,lb,1710,0,0,0,0,64639,0.0
elektrisk,lb,1730,0,0,0,0,33381,0.0
elektrisk,lb,1740,0,0,0,0,47561,0.0
elektrisk,lb,1750,0,0,0,0,1095966,0.0
elektrisk,lb,1760,0,0,0,0,24422,0.0
elektrisk,lb,1770,0,0,0,0,69907,0.0
elektrisk,lb,1780,0,0,0,0,48621,0.0
elektrisk,lb,1790,0,0,0,0,789177,0.0
elektrisk,lb,1800,1,1,1,0,736942,1.356958892287317
elektrisk,lb,1810,1,1,1,0,1369393,0.7302505562683612
elektrisk,lb,1820,4,4,4,0,842254,4.749161179406688
elektrisk,lb,1830,67,49,49,18,11653970,5.749113821298665
elektrisk,lb,1840,168,114,114,54,30985848,5.421829991549691
elektrisk,lb,1850,182,126,126,56,24055763,7.56575461771884
elektrisk,lb,1860,255,199,199,56,30066424,8.481221444891485
elektrisk,lb,1870,207,189,189,18,34605387,5.981727642577729
elektrisk,lb,1880,427,303,303,124,55511947,7.69203789591455
elektrisk,lb,1890,750,556,556,194,62219305,12.054136573849547
elektrisk,lb,1900,299,238,238,61,24058613,12.427981613071378
elektrisk,lb,1910,556,500,500,56,20653390,26.92052006958664
elektrisk,lb,1920,224,172,172,52,19664571,11.391044330435685
elektrisk,lb,1930,184,169,169,15,16234117,11.33415510064391
elektrisk,lb,1940,51,34,34,17,4503154,11.32539548947249
elektrisk,lb,1950,7,7,7,0,737649,9.489608201190538
elektrisk,lb,1960,1,0,0,1,803051,1.2452509242874985
elektrisk,lb,1970,0,0,0,0,88498,0.0
elektrisk,lb,1980,2,0,0,2,441715,4.5278063909987205
elektrisk,lb,1990,7,0,0,7,289511,24.178701327410703
elektrisk,lb,2000,0,0,0,0,104933,0.0
elektrisk,lb,2010,3,3,3,0,355677,8.434619050430587
elektrisk,lb,2020,1,1,1,0,475824,2.101617404754699
elektrisk,tkr,1860,74,73,0,1,14301457,5.174297975374118
elektrisk,tkr,1870,310,310,0,0,48663079,6.370332629384179
elektrisk,tkr,1880,483,483,0,0,45300858,10.662049712171015
elektrisk,tkr,1890,1212,1212,0,0,54990491,22.040174182114505
elektrisk,tkr,1900,8656,8649,0,7,91612739,94.48467641601677
elektrisk,tkr,1910,14479,14473,0,6,146452973,98.86450034715239
elektrisk,tkr,1920,11406,11401,0,5,129092646,88.3551492158585
elektrisk,tkr,1930,9410,9406,0,4,130093121,72.33280228552591
elektrisk,tkr,1940,10592,10587,0,5,133229745,79.50176591571199
elektrisk,tkr,1950,8719,8715,0,4,134940616,64.61360751458257
elektrisk,tkr,1960,5001,5001,0,0,145935106,34.26865637114074
elektrisk,tkr,1970,1407,1406,0,1,17225518,81.68114305764274
emanation,kubhist2,1870,31,31,31,0,1040563269,0.029791557057161508
emanation,kubhist2,1880,46,46,46,0,1450309699,0.03171736356153266
emanation,kubhist2,1890,19,19,19,0,1037122519,0.01831991847821405
emanation,kubhist2,1900,2,2,2,0,77752738,0.025722566837453362
emanation,lb,1620,0,0,0,0,12158,0.0
emanation,lb,1640,0,0,0,0,48209,0.0
emanation,lb,1700,0,0,0,0,1796708,0.0
emanation,lb,1710,0,0,0,0,64639,0.0
emanation,lb,1730,0,0,0,0,33381,0.0
emanation,lb,1740,0,0,0,0,47561,0.0
emanation,lb,1750,0,0,0,0,1095966,0.0
emanation,lb,1760,0,0,0,0,24422,0.0
emanation,lb,1770,0,0,0,0,69907,0.0
emanation,lb,1780,0,0,0,0,48621,0.0
emanation,lb,1790,0,0,0,0,789177,0.0
emanation,lb,1800,0,0,0,0,736942,0.0
emanation,lb,1810,0,0,0,0,1369393,0.0
emanation,lb,1820,0,0,0,0,842254,0.0
emanation,lb,1830,0,0,0,0,11653970,0.0
emanation,lb,1840,4,4,4,0,30985848,0.12909119027499263
emanation,lb,1850,0,0,0,0,24055763,0.0
emanation,lb,1860,6,6,6,0,30066424,0.19955815164450552
emanation,lb,1870,1,0,0,1,34605387,0.028897234988298208
emanation,lb,1880,6,6,6,0,55511947,0.10808484162877588
emanation,lb,1890,2,1,1,1,62219305,0.032144364196932125
emanation,lb,1900,2,2,2,0,24058613,0.08313031179311958
emanation,lb,1910,3,3,3,0,20653390,0.14525460469201423
emanation,lb,1920,0,0,0,0,19664571,0.0
emanation,lb,1930,3,3,3,0,16234117,0.18479600707571592
emanation,lb,1940,0,0,0,0,4503154,0.0
emanation,lb,1950,0,0,0,0,737649,0.0
emanation,lb,1960,0,0,0,0,803051,0.0
emanation,lb,1970,0,0,0,0,88498,0.0
emanation,lb,1980,0,0,0,0,441715,0.0
emanation,lb,1990,0,0,0,0,289511,0.0
emanation,lb,2000,0,0,0,0,104933,0.0
emanation,lb,2010,0,0,0,0,355677,0.0
emanation,lb,2020,0,0,0,0,475824,0.0
emanation,tkr,1860,3,3,0,0,14301457,0.20976883683949124
emanation,tkr,1870,1,1,0,0,48663079,0.020549460094787673
emanation,tkr,1880,1,1,0,0,45300858,0.022074637085240194
emanation,tkr,1890,0,0,0,0,54990491,0.0
emanation,tkr,1900,0,0,0,0,91612739,0.0
emanation,tkr,1910,2,2,0,0,146452973,0.013656260839443662
emanation,tkr,1920,0,0,0,0,129092646,0.0
emanation,tkr,1930,2,2,0,0,130093121,0.015373603036243553
emanation,tkr,1940,1,1,0,0,133229745,0.007505831374217522
emanation,tkr,1950,4,4,0,0,134940616,0.029642668890736353
emanation,tkr,1960,0,0,0,0,145935106,0.0
emanation,tkr,1970,0,0,0,0,17225518,0.0
emanera,kubhist2,1870,190,190,190,0,1040563269,0.18259341422131248
emanera,kubhist2,1880,414,413,413,1,1450309699,0.2854562720537939
emanera,kubhist2,1890,452,452,452,0,1037122519,0.43582121853435524
emanera,kubhist2,1900,34,34,34,0,77752738,0.4372836362367072
emanera,lb,1620,0,0,0,0,12158,0.0
emanera,lb,1640,0,0,0,0,48209,0.0
emanera,lb,1700,0,0,0,0,1796708,0.0
emanera,lb,1710,0,0,0,0,64639,0.0
emanera,lb,1730,0,0,0,0,33381,0.0
emanera,lb,1740,0,0,0,0,47561,0.0
emanera,lb,1750,0,0,0,0,1095966,0.0
emanera,lb,1760,0,0,0,0,24422,0.0
emanera,lb,1770,0,0,0,0,69907,0.0
emanera,lb,1780,0,0,0,0,48621,0.0
emanera,lb,1790,0,0,0,0,789177,0.0
emanera,lb,1800,0,0,0,0,736942,0.0
emanera,lb,1810,0,0,0,0,1369393,0.0
emanera,lb,1820,0,0,0,0,842254,0.0
emanera,lb,1830,7,4,4,3,11653970,0.6006536828222485
emanera,lb,1840,10,7,7,3,30985848,0.32272797568748157
emanera,lb,1850,8,5,5,3,24055763,0.33256064253709183
emanera,lb,1860,2,2,2,0,30066424,0.06651938388150183
emanera,lb,1870,5,3,3,2,34605387,0.14448617494149105
emanera,lb,1880,4,1,1,3,55511947,0.07205656108585058
emanera,lb,1890,10,6,6,4,62219305,0.16072182098466062
emanera,lb,1900,2,1,1,1,24058613,0.08313031179311958
emanera,lb,1910,6,6,6,0,20653390,0.29050920938402847
emanera,lb,1920,7,1,1,6,19664571,0.35597013532611516
emanera,lb,1930,4,2,2,2,16234117,0.24639467610095456
emanera,lb,1940,3,2,2,1,4503154,0.6661997346748524
emanera,lb,1950,0,0,0,0,737649,0.0
emanera,lb,1960,0,0,0,0,803051,0.0
emanera,lb,1970,0,0,0,0,88498,0.0
emanera,lb,1980,0,0,0,0,441715,0.0
emanera,lb,1990,2,0,0,2,289511,6.908200379260201
emanera,lb,2000,0,0,0,0,104933,0.0
emanera,lb,2010,0,0,0,0,355677,0.0
emanera,lb,2020,1,1,1,0,475824,2.101617404754699
emanera,tkr,1860,13,13,0,0,14301457,0.9089982929711288
emanera,tkr,1870,21,21,0,0,48663079,0.43153866199054114
emanera,tkr,1880,9,9,0,0,45300858,0.19867173376716177
emanera,tkr,1890,8,8,0,0,54990491,0.1454796975717129
emanera,tkr,1900,11,11,0,0,91612739,0.120070637774513
emanera,tkr,1910,20,20,0,0,146452973,0.13656260839443662
emanera,tkr,1920,45,45,0,0,129092646,0.34858685908413406
emanera,tkr,1930,52,52,0,0,130093121,0.3997136789423324
emanera,tkr,1940,79,78,0,1,133229745,0.5929606785631842
emanera,tkr,1950,76,76,0,0,134940616,0.5632107089239907
emanera,tkr,1960,112,112,0,0,145935106,0.7674644098315864
emanera,tkr,1970,11,11,0,0,17225518,0.6385874723767379
fluidum,kubhist2,1870,462,462,462,0,1040563269,0.44399030194866507
fluidum,kubhist2,1880,664,664,664,0,1450309699,0.45783324793168884
fluidum,kubhist2,1890,372,372,372,0,1037122519,0.3586847196787171
fluidum,kubhist2,1900,19,19,19,0,77752738,0.24436438495580695
fluidum,lb,1620,0,0,0,0,12158,0.0
fluidum,lb,1640,0,0,0,0,48209,0.0
fluidum,lb,1700,0,0,0,0,1796708,0.0
fluidum,lb,1710,0,0,0,0,64639,0.0
fluidum,lb,1730,0,0,0,0,33381,0.0
fluidum,lb,1740,0,0,0,0,47561,0.0
fluidum,lb,1750,0,0,0,0,1095966,0.0
fluidum,lb,1760,0,0,0,0,24422,0.0
fluidum,lb,1770,0,0,0,0,69907,0.0
fluidum,lb,1780,0,0,0,0,48621,0.0
fluidum,lb,1790,1,0,0,1,789177,1.2671428589530613
fluidum,lb,1800,0,0,0,0,736942,0.0
fluidum,lb,1810,0,0,0,0,1369393,0.0
fluidum,lb,1820,0,0,0,0,842254,0.0
fluidum,lb,1830,16,12,12,4,11653970,1.372922703593711
fluidum,lb,1840,30,18,18,12,30985848,0.9681839270624447
fluidum,lb,1850,29,22,22,7,24055763,1.205532329196958
fluidum,lb,1860,30,23,23,7,30066424,0.9977907582225276
fluidum,lb,1870,42,27,27,15,34605387,1.2136838695085248
fluidum,lb,1880,42,35,35,7,55511947,0.7565938914014311
fluidum,lb,1890,49,41,41,8,62219305,0.7875369228248371
fluidum,lb,1900,17,16,16,1,24058613,0.7066076502415164
fluidum,lb,1910,22,19,19,3,20653390,1.0652004344081045
fluidum,lb,1920,10,8,8,2,19664571,0.5085287647515931
fluidum,lb,1930,9,8,8,1,16234117,0.5543880212271477
fluidum,lb,1940,2,2,2,0,4503154,0.44413315644990153
fluidum,lb,1950,0,0,0,0,737649,0.0
fluidum,lb,1960,0,0,0,0,803051,0.0
fluidum,lb,1970,0,0,0,0,88498,0.0
fluidum,lb,1980,0,0,0,0,441715,0.0
fluidum,lb,1990,0,0,0,0,289511,0.0
fluidum,lb,2000,6,0,0,6,104933,57.17934300934882
fluidum,lb,2010,1,1,1,0,355677,2.8115396834768625
fluidum,lb,2020,0,0,0,0,475824,0.0
fluidum,tkr,1860,0,0,0,0,14301457,0.0
fluidum,tkr,1870,5,5,0,0,48663079,0.10274730047393836
fluidum,tkr,1880,1,1,0,0,45300858,0.022074637085240194
fluidum,tkr,1890,4,4,0,0,54990491,0.07273984878585645
fluidum,tkr,1900,5,5,0,0,91612739,0.054577562624778635
fluidum,tkr,1910,5,5,0,0,146452973,0.034140652098609156
fluidum,tkr,1920,2,2,0,0,129092646,0.01549274929262818
fluidum,tkr,1930,0,0,0,0,130093121,0.0
fluidum,tkr,1940,0,0,0,0,133229745,0.0
fluidum,tkr,1950,0,0,0,0,134940616,0.0
fluidum,tkr,1960,2,2,0,0,145935106,0.01370472160413547
fluidum,tkr,1970,0,0,0,0,17225518,0.0
induktion,kubhist2,1870,127,127,127,0,1040563269,0.1220492821374036
induktion,kubhist2,1880,314,314,314,0,1450309699,0.21650548170263598
induktion,kubhist2,1890,145,145,145,0,1037122519,0.13980990417584405
induktion,kubhist2,1900,3,3,3,0,77752738,0.038583850256180045
induktion,lb,1620,0,0,0,0,12158,0.0
induktion,lb,1640,0,0,0,0,48209,0.0
induktion,lb,1700,0,0,0,0,1796708,0.0
induktion,lb,1710,0,0,0,0,64639,0.0
induktion,lb,1730,0,0,0,0,33381,0.0
induktion,lb,1740,0,0,0,0,47561,0.0
induktion,lb,1750,0,0,0,0,1095966,0.0
induktion,lb,1760,0,0,0,0,24422,0.0
induktion,lb,1770,0,0,0,0,69907,0.0
induktion,lb,1780,0,0,0,0,48621,0.0
induktion,lb,1790,0,0,0,0,789177,0.0
induktion,lb,1800,0,0,0,0,736942,0.0
induktion,lb,1810,0,0,0,0,1369393,0.0
induktion,lb,1820,0,0,0,0,842254,0.0
induktion,lb,1830,0,0,0,0,11653970,0.0
induktion,lb,1840,0,0,0,0,30985848,0.0
induktion,lb,1850,0,0,0,0,24055763,0.0
induktion,lb,1860,2,2,2,0,30066424,0.06651938388150183
induktion,lb,1870,2,1,1,1,34605387,0.057794469976596416
induktion,lb,1880,36,35,35,1,55511947,0.6485090497726552
induktion,lb,1890,10,7,7,3,62219305,0.16072182098466062
induktion,lb,1900,4,2,2,2,24058613,0.16626062358623916
induktion,lb,1910,2,1,1,1,20653390,0.0968364031280095
induktion,lb,1920,7,6,6,1,19664571,0.35597013532611516
induktion,lb,1930,1,1,1,0,16234117,0.06159866902523864
induktion,lb,1940,1,1,1,0,4503154,0.22206657822495077
induktion,lb,1950,0,0,0,0,737649,0.0
induktion,lb,1960,0,0,0,0,803051,0.0
induktion,lb,1970,0,0,0,0,88498,0.0
induktion,lb,1980,1,0,0,1,441715,2.2639031954993603
induktion,lb,1990,3,0,0,3,289511,10.362300568890301
induktion,lb,2000,0,0,0,0,104933,0.0
induktion,lb,2010,0,0,0,0,355677,0.0
induktion,lb,2020,0,0,0,0,475824,0.0
induktion,tkr,1860,0,0,0,0,14301457,0.0
induktion,tkr,1870,0,0,0,0,48663079,0.0
induktion,tkr,1880,4,4,0,0,45300858,0.08829854834096078
induktion,tkr,1890,3,3,0,0,54990491,0.05455488658939234
induktion,tkr,1900,43,43,0,0,91612739,0.46936703857309625
induktion,tkr,1910,7,7,0,0,146452973,0.04779691293805282
induktion,tkr,1920,7,7,0,0,129092646,0.05422462252419863
induktion,tkr,1930,5,5,0,0,130093121,0.03843400759060889
induktion,tkr,1940,1,1,0,0,133229745,0.007505831374217522
induktion,tkr,1950,182,182,0,0,134940616,1.348741434528504
induktion,tkr,1960,4,4,0,0,145935106,0.02740944320827094
induktion,tkr,1970,31,31,0,0,17225518,1.7996556039708065
influens,kubhist2,1870,2,2,2,0,1040563269,0.0019220359391717103
influens,kubhist2,1880,11,11,11,0,1450309699,0.007584586938627375
influens,kubhist2,1890,52,52,52,0,1037122519,0.050138724256164766
influens,kubhist2,1900,4,4,4,0,77752738,0.051445133674906725
influens,lb,1620,0,0,0,0,12158,0.0
influens,lb,1640,0,0,0,0,48209,0.0
influens,lb,1700,0,0,0,0,1796708,0.0
influens,lb,1710,0,0,0,0,64639,0.0
influens,lb,1730,0,0,0,0,33381,0.0
influens,lb,1740,0,0,0,0,47561,0.0
influens,lb,1750,0,0,0,0,1095966,0.0
influens,lb,1760,0,0,0,0,24422,0.0
influens,lb,1770,0,0,0,0,69907,0.0
influens,lb,1780,0,0,0,0,48621,0.0
influens,lb,1790,0,0,0,0,789177,0.0
influens,lb,1800,0,0,0,0,736942,0.0
influens,lb,1810,0,0,0,0,1369393,0.0
influens,lb,1820,0,0,0,0,842254,0.0
influens,lb,1830,0,0,0,0,11653970,0.0
influens,lb,1840,4,4,4,0,30985848,0.12909119027499263
influens,lb,1850,1,1,1,0,24055763,0.04157008031713648
influens,lb,1860,0,0,0,0,30066424,0.0
influens,lb,1870,0,0,0,0,34605387,0.0
influens,lb,1880,0,0,0,0,55511947,0.0
influens,lb,1890,5,3,3,2,62219305,0.08036091049233031
influens,lb,1900,3,3,3,0,24058613,0.12469546768967937
influens,lb,1910,1,0,0,1,20653390,0.04841820156400475
influens,lb,1920,2,2,2,0,19664571,0.10170575295031863
influens,lb,1930,0,0,0,0,16234117,0.0
influens,lb,1940,4,2,2,2,4503154,0.8882663128998031
influens,lb,1950,0,0,0,0,737649,0.0
influens,lb,1960,2,2,2,0,803051,2.490501848574997
influens,lb,1970,0,0,0,0,88498,0.0
influens,lb,1980,0,0,0,0,441715,0.0
influens,lb,1990,5,0,0,5,289511,17.270500948150502
influens,lb,2000,0,0,0,0,104933,0.0
influens,lb,2010,0,0,0,0,355677,0.0
influens,lb,2020,9,9,9,0,475824,18.91455664279229
influens,tkr,1860,0,0,0,0,14301457,0.0
influens,tkr,1870,0,0,0,0,48663079,0.0
influens,tkr,1880,0,0,0,0,45300858,0.0
influens,tkr,1890,0,0,0,0,54990491,0.0
influens,tkr,1900,0,0,0,0,91612739,0.0
influens,tkr,1910,6,6,0,0,146452973,0.040968782518330984
influens,tkr,1920,0,0,0,0,129092646,0.0
influens,tkr,1930,3,3,0,0,130093121,0.02306040455436533
influens,tkr,1940,5,5,0,0,133229745,0.037529156871087606
influens,tkr,1950,39,39,0,0,134940616,0.28901602168467944
influens,tkr,1960,29,29,0,0,145935106,0.19871846325996434
influens,tkr,1970,11,11,0,0,17225518,0.6385874723767379
influera,kubhist2,1870,167,165,165,2,1040563269,0.16049000092083782
influera,kubhist2,1880,301,301,301,0,1450309699,0.20754187895698545
influera,kubhist2,1890,400,400,400,0,1037122519,0.38568249427819046
influera,kubhist2,1900,34,34,34,0,77752738,0.4372836362367072
influera,lb,1620,0,0,0,0,12158,0.0
influera,lb,1640,0,0,0,0,48209,0.0
influera,lb,1700,0,0,0,0,1796708,0.0
influera,lb,1710,0,0,0,0,64639,0.0
influera,lb,1730,0,0,0,0,33381,0.0
influera,lb,1740,0,0,0,0,47561,0.0
influera,lb,1750,0,0,0,0,1095966,0.0
influera,lb,1760,0,0,0,0,24422,0.0
influera,lb,1770,0,0,0,0,69907,0.0
influera,lb,1780,0,0,0,0,48621,0.0
influera,lb,1790,0,0,0,0,789177,0.0
influera,lb,1800,0,0,0,0,736942,0.0
influera,lb,1810,2,1,1,1,1369393,1.4605011125367224
influera,lb,1820,0,0,0,0,842254,0.0
influera,lb,1830,2,2,2,0,11653970,0.17161533794921388
influera,lb,1840,4,3,3,1,30985848,0.12909119027499263
influera,lb,1850,3,2,2,1,24055763,0.12471024095140944
influera,lb,1860,5,2,2,3,30066424,0.1662984597037546
influera,lb,1870,1,1,1,0,34605387,0.028897234988298208
influera,lb,1880,4,4,4,0,55511947,0.07205656108585058
influera,lb,1890,27,11,11,16,62219305,0.4339489166585837
influera,lb,1900,19,8,8,11,24058613,0.789737962034636
influera,lb,1910,24,19,19,5,20653390,1.1620368375361139
influera,lb,1920,16,6,6,10,19664571,0.813646023602549
influera,lb,1930,18,10,10,8,16234117,1.1087760424542954
influera,lb,1940,12,1,1,11,4503154,2.6647989386994095
influera,lb,1950,1,0,0,1,737649,1.3556583144557912
influera,lb,1960,0,0,0,0,803051,0.0
influera,lb,1970,0,0,0,0,88498,0.0
influera,lb,1980,0,0,0,0,441715,0.0
influera,lb,1990,4,0,0,4,289511,13.816400758520402
influera,lb,2000,0,0,0,0,104933,0.0
influera,lb,2010,0,0,0,0,355677,0.0
influera,lb,2020,4,4,4,0,475824,8.406469619018797
influera,tkr,1860,8,8,0,0,14301457,0.55938356490531
influera,tkr,1870,20,20,0,0,48663079,0.41098920189575344
influera,tkr,1880,17,17,0,0,45300858,0.3752688304490833
influera,tkr,1890,31,31,0,0,54990491,0.5637338280903875
influera,tkr,1900,76,76,0,0,91612739,0.8295789518966352
influera,tkr,1910,225,225,0,0,146452973,1.536329344437412
influera,tkr,1920,239,239,0,0,129092646,1.8513835404690675
influera,tkr,1930,288,288,0,0,130093121,2.2137988372190716
influera,tkr,1940,274,274,0,0,133229745,2.056597796535601
influera,tkr,1950,277,277,0,0,134940616,2.0527548206834925
influera,tkr,1960,251,250,0,1,145935106,1.7199425613190016
influera,tkr,1970,27,27,0,0,17225518,1.5674419776519928
kondensation,kubhist2,1870,46,46,46,0,1040563269,0.04420682660094934
kondensation,kubhist2,1880,179,179,179,0,1450309699,0.12342191472857274
kondensation,kubhist2,1890,73,73,73,0,1037122519,0.07038705520576977
kondensation,kubhist2,1900,7,7,7,0,77752738,0.09002898393108677
kondensation,lb,1620,0,0,0,0,12158,0.0
kondensation,lb,1640,0,0,0,0,48209,0.0
kondensation,lb,1700,0,0,0,0,1796708,0.0
kondensation,lb,1710,0,0,0,0,64639,0.0
kondensation,lb,1730,0,0,0,0,33381,0.0
kondensation,lb,1740,0,0,0,0,47561,0.0
kondensation,lb,1750,0,0,0,0,1095966,0.0
kondensation,lb,1760,0,0,0,0,24422,0.0
kondensation,lb,1770,0,0,0,0,69907,0.0
kondensation,lb,1780,0,0,0,0,48621,0.0
kondensation,lb,1790,0,0,0,0,789177,0.0
kondensation,lb,1800,0,0,0,0,736942,0.0
kondensation,lb,1810,0,0,0,0,1369393,0.0
kondensation,lb,1820,0,0,0,0,842254,0.0
kondensation,lb,1830,0,0,0,0,11653970,0.0
kondensation,lb,1840,0,0,0,0,30985848,0.0
kondensation,lb,1850,0,0,0,0,24055763,0.0
kondensation,lb,1860,0,0,0,0,30066424,0.0
kondensation,lb,1870,0,0,0,0,34605387,0.0
kondensation,lb,1880,0,0,0,0,55511947,0.0
kondensation,lb,1890,1,1,1,0,62219305,0.016072182098466063
kondensation,lb,1900,0,0,0,0,24058613,0.0
kondensation,lb,1910,2,2,2,0,20653390,0.0968364031280095
kondensation,lb,1920,0,0,0,0,19664571,0.0
kondensation,lb,1930,0,0,0,0,16234117,0.0
kondensation,lb,1940,0,0,0,0,4503154,0.0
kondensation,lb,1950,0,0,0,0,737649,0.0
kondensation,lb,1960,0,0,0,0,803051,0.0
kondensation,lb,1970,0,0,0,0,88498,0.0
kondensation,lb,1980,0,0,0,0,441715,0.0
kondensation,lb,1990,0,0,0,0,289511,0.0
kondensation,lb,2000,0,0,0,0,104933,0.0
kondensation,lb,2010,0,0,0,0,355677,0.0
kondensation,lb,2020,0,0,0,0,475824,0.0
kondensation,tkr,1860,0,0,0,0,14301457,0.0
kondensation,tkr,1870,0,0,0,0,48663079,0.0
kondensation,tkr,1880,0,0,0,0,45300858,0.0
kondensation,tkr,1890,1,1,0,0,54990491,0.01818496219646411
kondensation,tkr,1900,7,7,0,0,91612739,0.0764085876746901
kondensation,tkr,1910,6,6,0,0,146452973,0.040968782518330984
kondensation,tkr,1920,4,4,0,0,129092646,0.03098549858525636
kondensation,tkr,1930,3,3,0,0,130093121,0.02306040455436533
kondensation,tkr,1940,5,5,0,0,133229745,0.037529156871087606
kondensation,tkr,1950,6,6,0,0,134940616,0.04446400333610453
kondensation,tkr,1960,5,5,0,0,145935106,0.034261804010338674
kondensation,tkr,1970,0,0,0,0,17225518,0.0
kraft,kubhist2,1870,122777,122756,122756,21,1040563269,117.99090325184254
kraft,kubhist2,1880,170933,170901,170901,32,1450309699,117.85965447094483
kraft,kubhist2,1890,134738,134711,134711,27,1037122519,129.91521978513708
kraft,kubhist2,1900,12844,12814,12814,30,77752738,165.1903242301255
kraft,lb,1620,0,0,0,0,12158,0.0
kraft,lb,1640,0,0,0,0,48209,0.0
kraft,lb,1700,312,312,312,0,1796708,173.65092157434597
kraft,lb,1710,15,15,15,0,64639,232.05804545243583
kraft,lb,1730,3,3,3,0,33381,89.87148377819717
kraft,lb,1740,2,2,2,0,47561,42.05126048653308
kraft,lb,1750,45,45,45,0,1095966,41.059667909405945
kraft,lb,1760,6,6,6,0,24422,245.68012447792972
kraft,lb,1770,37,37,37,0,69907,529.274607693078
kraft,lb,1780,19,19,19,0,48621,390.77764751856193
kraft,lb,1790,206,72,72,134,789177,261.0314289443306
kraft,lb,1800,119,71,71,48,736942,161.47810818219074
kraft,lb,1810,124,123,123,1,1369393,90.5510689772768
kraft,lb,1820,281,281,281,0,842254,333.6285728533198
kraft,lb,1830,3061,2316,2316,745,11653970,262.65727473127185
kraft,lb,1840,7098,5398,5398,1700,30985848,229.07231714297444
kraft,lb,1850,5980,4463,4463,1517,24055763,248.58908029647614
kraft,lb,1860,7130,5275,5275,1855,30066424,237.14160353755406
kraft,lb,1870,7647,6078,6078,1569,34605387,220.9771559555164
kraft,lb,1880,12083,9156,9156,2927,55511947,217.66485690008315
kraft,lb,1890,14234,11435,11435,2799,62219305,228.77143998956595
kraft,lb,1900,4588,3238,3238,1350,24058613,190.7009352534163
kraft,lb,1910,4171,2895,2895,1276,20653390,201.9523187234638
kraft,lb,1920,3185,1853,1853,1332,19664571,161.9664115733824
kraft,lb,1930,2276,1579,1579,697,16234117,140.19857070144315
kraft,lb,1940,1559,1261,1261,298,4503154,346.20179545269826
kraft,lb,1950,82,61,61,21,737649,111.16398178537489
kraft,lb,1960,39,24,24,15,803051,48.56478604721244
kraft,lb,1970,7,0,0,7,88498,79.09783271938349
kraft,lb,1980,11,0,0,11,441715,24.902935150492965
kraft,lb,1990,30,0,0,30,289511,103.623005688903
kraft,lb,2000,4,0,0,4,104933,38.11956200623255
kraft,lb,2010,81,81,81,0,355677,227.73471436162586
kraft,lb,2020,7,5,5,2,475824,14.711321833282895
kraft,tkr,1860,1779,1779,0,0,14301457,124.39292024581832
kraft,tkr,1870,6456,6453,0,3,48663079,132.6673143719492
kraft,tkr,1880,5990,5988,0,2,45300858,132.22707614058876
kraft,tkr,1890,7736,7734,0,2,54990491,140.67886755184637
kraft,tkr,1900,16880,16877,0,3,91612739,184.25385142125268
kraft,tkr,1910,30619,30613,0,6,146452973,209.07052532146275
kraft,tkr,1920,25631,25623,0,8,129092646,198.54732855967643
kraft,tkr,1930,23051,23045,0,6,130093121,177.18846179422508
kraft,tkr,1940,26714,26707,0,7,133229745,200.51077933084687
kraft,tkr,1950,26804,26801,0,3,134940616,198.6355242368243
kraft,tkr,1960,27993,27988,0,5,145935106,191.81813593228213
kraft,tkr,1970,4410,4410,0,0,17225518,256.0155230164922
ladda,kubhist2,1870,5690,5688,5688,2,1040563269,5.468192246943516
ladda,kubhist2,1880,9137,9134,9134,3,1450309699,6.300033714385303
ladda,kubhist2,1890,7186,7185,7185,1,1037122519,6.928786009707692
ladda,kubhist2,1900,585,585,585,0,77752738,7.523850799955109
ladda,lb,1620,0,0,0,0,12158,0.0
ladda,lb,1640,0,0,0,0,48209,0.0
ladda,lb,1700,2,2,2,0,1796708,1.1131469331688844
ladda,lb,1710,0,0,0,0,64639,0.0
ladda,lb,1730,0,0,0,0,33381,0.0
ladda,lb,1740,0,0,0,0,47561,0.0
ladda,lb,1750,0,0,0,0,1095966,0.0
ladda,lb,1760,0,0,0,0,24422,0.0
ladda,lb,1770,0,0,0,0,69907,0.0
ladda,lb,1780,1,1,1,0,48621,20.567244606240102
ladda,lb,1790,1,0,0,1,789177,1.2671428589530613
ladda,lb,1800,0,0,0,0,736942,0.0
ladda,lb,1810,1,1,1,0,1369393,0.7302505562683612
ladda,lb,1820,2,2,2,0,842254,2.374580589703344
ladda,lb,1830,90,67,67,23,11653970,7.722690207714624
ladda,lb,1840,191,119,119,72,30985848,6.164104335630898
ladda,lb,1850,192,138,138,54,24055763,7.981455420890204
ladda,lb,1860,229,167,167,62,30066424,7.61646945443196
ladda,lb,1870,295,254,254,41,34605387,8.524684321547971
ladda,lb,1880,561,423,423,138,55511947,10.105932692290544
ladda,lb,1890,679,530,530,149,62219305,10.913011644858457
ladda,lb,1900,189,152,152,37,24058613,7.8558144644498
ladda,lb,1910,220,182,182,38,20653390,10.652004344081044
ladda,lb,1920,139,87,87,52,19664571,7.068549830047144
ladda,lb,1930,74,55,55,19,16234117,4.558301507867659
ladda,lb,1940,46,36,36,10,4503154,10.215062598347735
ladda,lb,1950,9,9,9,0,737649,12.200924830102121
ladda,lb,1960,6,2,2,4,803051,7.471505545724991
ladda,lb,1970,0,0,0,0,88498,0.0
ladda,lb,1980,11,0,0,11,441715,24.902935150492965
ladda,lb,1990,4,0,0,4,289511,13.816400758520402
ladda,lb,2000,1,0,0,1,104933,9.529890501558137
ladda,lb,2010,4,4,4,0,355677,11.24615873390745
ladda,lb,2020,2,2,2,0,475824,4.203234809509398
ladda,tkr,1860,5,5,0,0,14301457,0.3496147280658187
ladda,tkr,1870,15,15,0,0,48663079,0.30824190142181507
ladda,tkr,1880,62,62,0,0,45300858,1.3686274992848921
ladda,tkr,1890,85,85,0,0,54990491,1.5457217866994495
ladda,tkr,1900,66,66,0,0,91612739,0.7204238266470779
ladda,tkr,1910,61,61,0,0,146452973,0.4165159556030317
ladda,tkr,1920,42,42,0,0,129092646,0.3253477351451918
ladda,tkr,1930,34,34,0,0,130093121,0.2613512516161404
ladda,tkr,1940,82,82,0,0,133229745,0.6154781726858368
ladda,tkr,1950,107,107,0,0,134940616,0.7929413928271974
ladda,tkr,1960,114,114,0,0,145935106,0.7811691314357219
ladda,tkr,1970,24,24,0,0,17225518,1.3932817579128824
laddning,kubhist2,1870,6567,6562,6562,5,1040563269,6.311005006270311
laddning,kubhist2,1880,4316,4316,4316,0,1450309699,2.9759161115559776
laddning,kubhist2,1890,3091,3090,3090,1,1037122519,2.980361474534717
laddning,kubhist2,1900,256,256,256,0,77752738,3.2924885551940304
laddning,lb,1620,0,0,0,0,12158,0.0
laddning,lb,1640,0,0,0,0,48209,0.0
laddning,lb,1700,0,0,0,0,1796708,0.0
laddning,lb,1710,0,0,0,0,64639,0.0
laddning,lb,1730,0,0,0,0,33381,0.0
laddning,lb,1740,0,0,0,0,47561,0.0
laddning,lb,1750,0,0,0,0,1095966,0.0
laddning,lb,1760,0,0,0,0,24422,0.0
laddning,lb,1770,0,0,0,0,69907,0.0
laddning,lb,1780,0,0,0,0,48621,0.0
laddning,lb,1790,2,0,0,2,789177,2.5342857179061227
laddning,lb,1800,1,1,1,0,736942,1.356958892287317
laddning,lb,1810,3,3,3,0,1369393,2.190751668805084
laddning,lb,1820,1,1,1,0,842254,1.187290294851672
laddning,lb,1830,15,8,8,7,11653970,1.287115034619104
laddning,lb,1840,64,46,46,18,30985848,2.065459044399882
laddning,lb,1850,75,57,57,18,24055763,3.117756023785236
laddning,lb,1860,72,57,57,15,30066424,2.3946978197340663
laddning,lb,1870,86,76,76,10,34605387,2.485162208993646
laddning,lb,1880,124,97,97,27,55511947,2.233753393661368
laddning,lb,1890,133,113,113,20,62219305,2.137600219095986
laddning,lb,1900,27,20,20,7,24058613,1.1222592092071144
laddning,lb,1910,37,35,35,2,20653390,1.7914734578681757
laddning,lb,1920,14,5,5,9,19664571,0.7119402706522303
laddning,lb,1930,14,11,11,3,16234117,0.862381366353341
laddning,lb,1940,4,2,2,2,4503154,0.8882663128998031
laddning,lb,1950,4,4,4,0,737649,5.422633257823165
laddning,lb,1960,0,0,0,0,803051,0.0
laddning,lb,1970,0,0,0,0,88498,0.0
laddning,lb,1980,2,0,0,2,441715,4.5278063909987205
laddning,lb,1990,3,0,0,3,289511,10.362300568890301
laddning,lb,2000,0,0,0,0,104933,0.0
laddning,lb,2010,0,0,0,0,355677,0.0
laddning,lb,2020,0,0,0,0,475824,0.0
laddning,tkr,1860,22,22,0,0,14301457,1.5383048034896025
laddning,tkr,1870,40,40,0,0,48663079,0.8219784037915069
laddning,tkr,1880,58,58,0,0,45300858,1.2803289509439313
laddning,tkr,1890,61,61,0,0,54990491,1.1092826939843108
laddning,tkr,1900,99,99,0,0,91612739,1.080635739970617
laddning,tkr,1910,50,50,0,0,146452973,0.34140652098609153
laddning,tkr,1920,84,84,0,0,129092646,0.6506954702903835
laddning,tkr,1930,71,71,0,0,130093121,0.5457629077866462
laddning,tkr,1940,104,104,0,0,133229745,0.7806064629186222
laddning,tkr,1950,290,290,0,0,134940616,2.1490934945783855
laddning,tkr,1960,122,122,0,0,145935106,0.8359880178522637
laddning,tkr,1970,9,9,0,0,17225518,0.5224806592173309
magnet,kubhist2,1870,1480,1479,1479,1,1040563269,1.4223065949870657
magnet,kubhist2,1880,2702,2702,2702,0,1450309699,1.863050355288288
magnet,kubhist2,1890,1216,1216,1216,0,1037122519,1.1724747826056992
magnet,kubhist2,1900,282,282,282,0,77752738,3.6268819240809242
magnet,lb,1620,0,0,0,0,12158,0.0
magnet,lb,1640,0,0,0,0,48209,0.0
magnet,lb,1700,0,0,0,0,1796708,0.0
magnet,lb,1710,0,0,0,0,64639,0.0
magnet,lb,1730,0,0,0,0,33381,0.0
magnet,lb,1740,2,2,2,0,47561,42.05126048653308
magnet,lb,1750,1,1,1,0,1095966,0.9124370646534655
magnet,lb,1760,0,0,0,0,24422,0.0
magnet,lb,1770,0,0,0,0,69907,0.0
magnet,lb,1780,0,0,0,0,48621,0.0
magnet,lb,1790,1,0,0,1,789177,1.2671428589530613
magnet,lb,1800,0,0,0,0,736942,0.0
magnet,lb,1810,0,0,0,0,1369393,0.0
magnet,lb,1820,3,3,3,0,842254,3.5618708845550153
magnet,lb,1830,62,45,45,17,11653970,5.32007547642563
magnet,lb,1840,67,53,53,14,30985848,2.162277437106127
magnet,lb,1850,59,49,49,10,24055763,2.4526347387110525
magnet,lb,1860,104,91,91,13,30066424,3.4590079618380956
magnet,lb,1870,50,42,42,8,34605387,1.4448617494149105
magnet,lb,1880,113,82,82,31,55511947,2.0355978506752788
magnet,lb,1890,97,80,80,17,62219305,1.559001663551208
magnet,lb,1900,19,14,14,5,24058613,0.789737962034636
magnet,lb,1910,78,67,67,11,20653390,3.77661972199237
magnet,lb,1920,14,10,10,4,19664571,0.7119402706522303
magnet,lb,1930,10,10,10,0,16234117,0.6159866902523864
magnet,lb,1940,8,7,7,1,4503154,1.7765326257996061
magnet,lb,1950,1,1,1,0,737649,1.3556583144557912
magnet,lb,1960,0,0,0,0,803051,0.0
magnet,lb,1970,2,0,0,2,88498,22.59938077696671
magnet,lb,1980,0,0,0,0,441715,0.0
magnet,lb,1990,0,0,0,0,289511,0.0
magnet,lb,2000,0,0,0,0,104933,0.0
magnet,lb,2010,0,0,0,0,355677,0.0
magnet,lb,2020,1,1,1,0,475824,2.101617404754699
magnet,tkr,1860,14,14,0,0,14301457,0.9789212385842925
magnet,tkr,1870,3,3,0,0,48663079,0.061648380284363015
magnet,tkr,1880,6,6,0,0,45300858,0.1324478225114412
magnet,tkr,1890,4,4,0,0,54990491,0.07273984878585645
magnet,tkr,1900,21,21,0,0,91612739,0.22922576302407027
magnet,tkr,1910,14,14,0,0,146452973,0.09559382587610564
magnet,tkr,1920,12,12,0,0,129092646,0.09295649575576907
magnet,tkr,1930,5,5,0,0,130093121,0.03843400759060889
magnet,tkr,1940,12,12,0,0,133229745,0.09006997649061026
magnet,tkr,1950,19,19,0,0,134940616,0.14080267723099768
magnet,tkr,1960,18,18,0,0,145935106,0.12334249443721924
magnet,tkr,1970,1,1,0,0,17225518,0.05805340657970344
magnetisera,kubhist2,1870,130,130,130,0,1040563269,0.12493233604616116
magnetisera,kubhist2,1880,458,458,458,0,1450309699,0.3157946198083034
magnetisera,kubhist2,1890,193,193,193,0,1037122519,0.1860918034892269
magnetisera,kubhist2,1900,7,7,7,0,77752738,0.09002898393108677
magnetisera,lb,1620,0,0,0,0,12158,0.0
magnetisera,lb,1640,0,0,0,0,48209,0.0
magnetisera,lb,1700,0,0,0,0,1796708,0.0
magnetisera,lb,1710,0,0,0,0,64639,0.0
magnetisera,lb,1730,0,0,0,0,33381,0.0
magnetisera,lb,1740,0,0,0,0,47561,0.0
magnetisera,lb,1750,0,0,0,0,1095966,0.0
magnetisera,lb,1760,0,0,0,0,24422,0.0
magnetisera,lb,1770,0,0,0,0,69907,0.0
magnetisera,lb,1780,0,0,0,0,48621,0.0
magnetisera,lb,1790,0,0,0,0,789177,0.0
magnetisera,lb,1800,0,0,0,0,736942,0.0
magnetisera,lb,1810,0,0,0,0,1369393,0.0
magnetisera,lb,1820,1,1,1,0,842254,1.187290294851672
magnetisera,lb,1830,1,1,1,0,11653970,0.08580766897460694
magnetisera,lb,1840,12,6,6,6,30985848,0.38727357082497793
magnetisera,lb,1850,25,15,15,10,24055763,1.039252007928412
magnetisera,lb,1860,24,22,22,2,30066424,0.7982326065780221
magnetisera,lb,1870,14,10,10,4,34605387,0.40456128983617495
magnetisera,lb,1880,35,21,21,14,55511947,0.6304949095011926
magnetisera,lb,1890,36,31,31,5,62219305,0.5785985555447782
magnetisera,lb,1900,11,6,6,5,24058613,0.4572167148621577
magnetisera,lb,1910,12,10,10,2,20653390,0.5810184187680569
magnetisera,lb,1920,3,1,1,2,19664571,0.15255862942547793
magnetisera,lb,1930,1,1,1,0,16234117,0.06159866902523864
magnetisera,lb,1940,0,0,0,0,4503154,0.0
magnetisera,lb,1950,0,0,0,0,737649,0.0
magnetisera,lb,1960,0,0,0,0,803051,0.0
magnetisera,lb,1970,0,0,0,0,88498,0.0
magnetisera,lb,1980,0,0,0,0,441715,0.0
magnetisera,lb,1990,0,0,0,0,289511,0.0
magnetisera,lb,2000,0,0,0,0,104933,0.0
magnetisera,lb,2010,0,0,0,0,355677,0.0
magnetisera,lb,2020,0,0,0,0,475824,0.0
magnetisera,tkr,1860,0,0,0,0,14301457,0.0
magnetisera,tkr,1870,0,0,0,0,48663079,0.0
magnetisera,tkr,1880,0,0,0,0,45300858,0.0
magnetisera,tkr,1890,0,0,0,0,54990491,0.0
magnetisera,tkr,1900,1,1,0,0,91612739,0.010915512524955727
magnetisera,tkr,1910,1,1,0,0,146452973,0.006828130419721831
magnetisera,tkr,1920,1,1,0,0,129092646,0.00774637464631409
magnetisera,tkr,1930,4,4,0,0,130093121,0.030747206072487106
magnetisera,tkr,1940,0,0,0,0,133229745,0.0
magnetisera,tkr,1950,0,0,0,0,134940616,0.0
magnetisera,tkr,1960,2,2,0,0,145935106,0.01370472160413547
magnetisera,tkr,1970,0,0,0,0,17225518,0.0
magnetism,kubhist2,1870,847,847,847,0,1040563269,0.8139822202392193
magnetism,kubhist2,1880,1837,1836,1836,1,1450309699,1.2666260187507716
magnetism,kubhist2,1890,607,606,606,1,1037122519,0.5852731850671541
magnetism,kubhist2,1900,16,16,16,0,77752738,0.2057805346996269
magnetism,lb,1620,0,0,0,0,12158,0.0
magnetism,lb,1640,0,0,0,0,48209,0.0
magnetism,lb,1700,0,0,0,0,1796708,0.0
magnetism,lb,1710,0,0,0,0,64639,0.0
magnetism,lb,1730,0,0,0,0,33381,0.0
magnetism,lb,1740,0,0,0,0,47561,0.0
magnetism,lb,1750,0,0,0,0,1095966,0.0
magnetism,lb,1760,0,0,0,0,24422,0.0
magnetism,lb,1770,0,0,0,0,69907,0.0
magnetism,lb,1780,0,0,0,0,48621,0.0
magnetism,lb,1790,0,0,0,0,789177,0.0
magnetism,lb,1800,0,0,0,0,736942,0.0
magnetism,lb,1810,2,1,1,1,1369393,1.4605011125367224
magnetism,lb,1820,0,0,0,0,842254,0.0
magnetism,lb,1830,11,4,4,7,11653970,0.9438843587206763
magnetism,lb,1840,30,23,23,7,30985848,0.9681839270624447
magnetism,lb,1850,43,32,32,11,24055763,1.7875134536368686
magnetism,lb,1860,81,76,76,5,30066424,2.6940350472008245
magnetism,lb,1870,47,42,42,5,34605387,1.3581700444500158
magnetism,lb,1880,73,38,38,35,55511947,1.315032239816773
magnetism,lb,1890,55,28,28,27,62219305,0.8839700154156335
magnetism,lb,1900,29,15,15,14,24058613,1.2053895210002339
magnetism,lb,1910,72,68,68,4,20653390,3.4861105126083416
magnetism,lb,1920,10,1,1,9,19664571,0.5085287647515931
magnetism,lb,1930,3,3,3,0,16234117,0.18479600707571592
magnetism,lb,1940,5,2,2,3,4503154,1.1103328911247539
magnetism,lb,1950,0,0,0,0,737649,0.0
magnetism,lb,1960,8,8,8,0,803051,9.962007394299988
magnetism,lb,1970,0,0,0,0,88498,0.0
magnetism,lb,1980,0,0,0,0,441715,0.0
magnetism,lb,1990,0,0,0,0,289511,0.0
magnetism,lb,2000,0,0,0,0,104933,0.0
magnetism,lb,2010,0,0,0,0,355677,0.0
magnetism,lb,2020,0,0,0,0,475824,0.0
magnetism,tkr,1860,3,3,0,0,14301457,0.20976883683949124
magnetism,tkr,1870,22,22,0,0,48663079,0.4520881220853288
magnetism,tkr,1880,1,1,0,0,45300858,0.022074637085240194
magnetism,tkr,1890,21,21,0,0,54990491,0.38188420612574636
magnetism,tkr,1900,20,20,0,0,91612739,0.21831025049911454
magnetism,tkr,1910,64,64,0,0,146452973,0.4370003468621972
magnetism,tkr,1920,12,12,0,0,129092646,0.09295649575576907
magnetism,tkr,1930,19,19,0,0,130093121,0.14604922884431376
magnetism,tkr,1940,0,0,0,0,133229745,0.0
magnetism,tkr,1950,1,1,0,0,134940616,0.007410667222684088
magnetism,tkr,1960,7,7,0,0,145935106,0.04796652561447415
magnetism,tkr,1970,0,0,0,0,17225518,0.0
nerv,kubhist2,1870,3870,3869,3869,1,1040563269,3.7191395422972593
nerv,kubhist2,1880,8029,8026,8026,3,1450309699,5.536058957294473
nerv,kubhist2,1890,8847,8846,8846,1,1037122519,8.530332567197878
nerv,kubhist2,1900,701,710,710,-9,77752738,9.015759676527404
nerv,lb,1620,0,0,0,0,12158,0.0
nerv,lb,1640,0,0,0,0,48209,0.0
nerv,lb,1700,0,0,0,0,1796708,0.0
nerv,lb,1710,0,0,0,0,64639,0.0
nerv,lb,1730,0,0,0,0,33381,0.0
nerv,lb,1740,0,0,0,0,47561,0.0
nerv,lb,1750,0,0,0,0,1095966,0.0
nerv,lb,1760,0,0,0,0,24422,0.0
nerv,lb,1770,0,0,0,0,69907,0.0
nerv,lb,1780,0,0,0,0,48621,0.0
nerv,lb,1790,6,0,0,6,789177,7.602857153718367
nerv,lb,1800,0,0,0,0,736942,0.0
nerv,lb,1810,2,2,2,0,1369393,1.4605011125367224
nerv,lb,1820,2,2,2,0,842254,2.374580589703344
nerv,lb,1830,68,45,45,23,11653970,5.834921490273271
nerv,lb,1840,222,165,165,57,30985848,7.164561060262091
nerv,lb,1850,224,171,171,53,24055763,9.31169799103857
nerv,lb,1860,261,199,199,62,30066424,8.68077959653599
nerv,lb,1870,294,252,252,42,34605387,8.495787086559673
nerv,lb,1880,633,507,507,126,55511947,11.402950791835854
nerv,lb,1890,1083,863,863,220,62219305,17.406173212638745
nerv,lb,1900,345,273,273,72,24058613,14.339978784313127
nerv,lb,1910,283,251,251,32,20653390,13.702351042613344
nerv,lb,1920,228,168,168,60,19664571,11.594455836336323
nerv,lb,1930,218,179,179,39,16234117,13.428509847502022
nerv,lb,1940,132,94,94,38,4503154,29.312788325693504
nerv,lb,1950,4,3,3,1,737649,5.422633257823165
nerv,lb,1960,0,0,0,0,803051,0.0
nerv,lb,1970,0,0,0,0,88498,0.0
nerv,lb,1980,1,0,0,1,441715,2.2639031954993603
nerv,lb,1990,8,0,0,8,289511,27.632801517040804
nerv,lb,2000,0,0,0,0,104933,0.0
nerv,lb,2010,6,6,6,0,355677,16.869238100861175
nerv,lb,2020,0,0,0,0,475824,0.0
nerv,tkr,1860,9,9,0,0,14301457,0.6293065105184737
nerv,tkr,1870,43,43,0,0,48663079,0.8836267840758699
nerv,tkr,1880,28,28,0,0,45300858,0.6180898383867255
nerv,tkr,1890,41,41,0,0,54990491,0.7455834500550286
nerv,tkr,1900,72,72,0,0,91612739,0.7859169017968124
nerv,tkr,1910,138,138,0,0,146452973,0.9422819979216127
nerv,tkr,1920,85,85,0,0,129092646,0.6584418449366977
nerv,tkr,1930,126,126,0,0,130093121,0.9685369912833439
nerv,tkr,1940,140,140,0,0,133229745,1.050816392390453
nerv,tkr,1950,131,131,0,0,134940616,0.9707974061716155
nerv,tkr,1960,90,90,0,0,145935106,0.6167124721860962
nerv,tkr,1970,5,5,0,0,17225518,0.2902670328985172
repulsion,kubhist2,1870,9,9,9,0,1040563269,0.008649161726272695
repulsion,kubhist2,1880,36,36,36,0,1450309699,0.024822284526416865
repulsion,kubhist2,1890,23,23,23,0,1037122519,0.022176743420995952
repulsion,kubhist2,1900,1,1,1,0,77752738,0.012861283418726681
repulsion,lb,1620,0,0,0,0,12158,0.0
repulsion,lb,1640,0,0,0,0,48209,0.0
repulsion,lb,1700,0,0,0,0,1796708,0.0
repulsion,lb,1710,0,0,0,0,64639,0.0
repulsion,lb,1730,0,0,0,0,33381,0.0
repulsion,lb,1740,0,0,0,0,47561,0.0
repulsion,lb,1750,0,0,0,0,1095966,0.0
repulsion,lb,1760,0,0,0,0,24422,0.0
repulsion,lb,1770,0,0,0,0,69907,0.0
repulsion,lb,1780,0,0,0,0,48621,0.0
repulsion,lb,1790,2,0,0,2,789177,2.5342857179061227
repulsion,lb,1800,0,0,0,0,736942,0.0
repulsion,lb,1810,0,0,0,0,1369393,0.0
repulsion,lb,1820,0,0,0,0,842254,0.0
repulsion,lb,1830,1,1,1,0,11653970,0.08580766897460694
repulsion,lb,1840,2,2,2,0,30985848,0.06454559513749632
repulsion,lb,1850,3,2,2,1,24055763,0.12471024095140944
repulsion,lb,1860,1,1,1,0,30066424,0.033259691940750916
repulsion,lb,1870,0,0,0,0,34605387,0.0
repulsion,lb,1880,2,1,1,1,55511947,0.03602828054292529
repulsion,lb,1890,9,5,5,4,62219305,0.14464963888619456
repulsion,lb,1900,3,3,3,0,24058613,0.12469546768967937
repulsion,lb,1910,4,4,4,0,20653390,0.193672806256019
repulsion,lb,1920,3,1,1,2,19664571,0.15255862942547793
repulsion,lb,1930,2,0,0,2,16234117,0.12319733805047728
repulsion,lb,1940,0,0,0,0,4503154,0.0
repulsion,lb,1950,0,0,0,0,737649,0.0
repulsion,lb,1960,0,0,0,0,803051,0.0
repulsion,lb,1970,0,0,0,0,88498,0.0
repulsion,lb,1980,0,0,0,0,441715,0.0
repulsion,lb,1990,0,0,0,0,289511,0.0
repulsion,lb,2000,0,0,0,0,104933,0.0
repulsion,lb,2010,0,0,0,0,355677,0.0
repulsion,lb,2020,0,0,0,0,475824,0.0
repulsion,tkr,1860,0,0,0,0,14301457,0.0
repulsion,tkr,1870,0,0,0,0,48663079,0.0
repulsion,tkr,1880,0,0,0,0,45300858,0.0
repulsion,tkr,1890,0,0,0,0,54990491,0.0
repulsion,tkr,1900,0,0,0,0,91612739,0.0
repulsion,tkr,1910,1,1,0,0,146452973,0.006828130419721831
repulsion,tkr,1920,0,0,0,0,129092646,0.0
repulsion,tkr,1930,0,0,0,0,130093121,0.0
repulsion,tkr,1940,0,0,0,0,133229745,0.0
repulsion,tkr,1950,0,0,0,0,134940616,0.0
repulsion,tkr,1960,1,1,0,0,145935106,0.006852360802067735
repulsion,tkr,1970,0,0,0,0,17225518,0.0
spänning,kubhist2,1870,6769,6768,6768,1,1040563269,6.505130636126654
spänning,kubhist2,1880,12391,12388,12388,3,1450309699,8.543692432411982
spänning,kubhist2,1890,10817,10815,10815,2,1037122519,10.429818851517966
spänning,kubhist2,1900,1150,1148,1148,2,77752738,14.790475931535685
spänning,lb,1620,0,0,0,0,12158,0.0
spänning,lb,1640,0,0,0,0,48209,0.0
spänning,lb,1700,0,0,0,0,1796708,0.0
spänning,lb,1710,0,0,0,0,64639,0.0
spänning,lb,1730,0,0,0,0,33381,0.0
spänning,lb,1740,0,0,0,0,47561,0.0
spänning,lb,1750,0,0,0,0,1095966,0.0
spänning,lb,1760,0,0,0,0,24422,0.0
spänning,lb,1770,0,0,0,0,69907,0.0
spänning,lb,1780,0,0,0,0,48621,0.0
spänning,lb,1790,2,0,0,2,789177,2.5342857179061227
spänning,lb,1800,1,1,1,0,736942,1.356958892287317
spänning,lb,1810,4,4,4,0,1369393,2.921002225073445
spänning,lb,1820,3,3,3,0,842254,3.5618708845550153
spänning,lb,1830,43,29,29,14,11653970,3.689729765908098
spänning,lb,1840,284,217,217,67,30985848,9.165474509524477
spänning,lb,1850,151,125,125,26,24055763,6.277082127887608
spänning,lb,1860,219,150,150,69,30066424,7.283872535024451
spänning,lb,1870,235,197,197,38,34605387,6.7908502222500795
spänning,lb,1880,517,420,420,97,55511947,9.313310520346187
spänning,lb,1890,937,776,776,161,62219305,15.059634626262701
spänning,lb,1900,440,356,356,84,24058613,18.288668594486307
spänning,lb,1910,492,437,437,55,20653390,23.821755169490334
spänning,lb,1920,380,297,297,83,19664571,19.32409306056054
spänning,lb,1930,283,228,228,55,16234117,17.432423334142534
spänning,lb,1940,185,156,156,29,4503154,41.082316971615896
spänning,lb,1950,13,4,4,9,737649,17.623558087925286
spänning,lb,1960,7,7,7,0,803051,8.71675647001249
spänning,lb,1970,0,0,0,0,88498,0.0
spänning,lb,1980,11,0,0,11,441715,24.902935150492965
spänning,lb,1990,18,0,0,18,289511,62.17380341334181
spänning,lb,2000,0,0,0,0,104933,0.0
spänning,lb,2010,5,5,5,0,355677,14.057698417384312
spänning,lb,2020,0,0,0,0,475824,0.0
spänning,tkr,1860,9,9,0,0,14301457,0.6293065105184737
spänning,tkr,1870,21,21,0,0,48663079,0.43153866199054114
spänning,tkr,1880,22,22,0,0,45300858,0.4856420158752843
spänning,tkr,1890,43,43,0,0,54990491,0.7819533744479569
spänning,tkr,1900,314,314,0,0,91612739,3.427470932836098
spänning,tkr,1910,439,439,0,0,146452973,2.997549254257884
spänning,tkr,1920,410,410,0,0,129092646,3.1760136049887766
spänning,tkr,1930,846,846,0,0,130093121,6.5030340843310235
spänning,tkr,1940,1076,1075,0,1,133229745,8.076274558658053
spänning,tkr,1950,1362,1362,0,0,134940616,10.093328757295728
spänning,tkr,1960,946,946,0,0,145935106,6.482333318756078
spänning,tkr,1970,187,187,0,0,17225518,10.855987030404544
strålning,kubhist2,1870,42,42,42,0,1040563269,0.04036275472260591
strålning,kubhist2,1880,57,57,57,0,1450309699,0.039301950500160034
strålning,kubhist2,1890,133,133,133,0,1037122519,0.12823942934749832
strålning,kubhist2,1900,55,55,55,0,77752738,0.7073705880299676
strålning,lb,1620,0,0,0,0,12158,0.0
strålning,lb,1640,0,0,0,0,48209,0.0
strålning,lb,1700,0,0,0,0,1796708,0.0
strålning,lb,1710,0,0,0,0,64639,0.0
strålning,lb,1730,0,0,0,0,33381,0.0
strålning,lb,1740,0,0,0,0,47561,0.0
strålning,lb,1750,0,0,0,0,1095966,0.0
strålning,lb,1760,0,0,0,0,24422,0.0
strålning,lb,1770,0,0,0,0,69907,0.0
strålning,lb,1780,0,0,0,0,48621,0.0
strålning,lb,1790,0,0,0,0,789177,0.0
strålning,lb,1800,0,0,0,0,736942,0.0
strålning,lb,1810,0,0,0,0,1369393,0.0
strålning,lb,1820,0,0,0,0,842254,0.0
strålning,lb,1830,0,0,0,0,11653970,0.0
strålning,lb,1840,1,1,1,0,30985848,0.03227279756874816
strålning,lb,1850,2,1,1,1,24055763,0.08314016063427296
strålning,lb,1860,0,0,0,0,30066424,0.0
strålning,lb,1870,1,1,1,0,34605387,0.028897234988298208
strålning,lb,1880,1,0,0,1,55511947,0.018014140271462645
strålning,lb,1890,5,4,4,1,62219305,0.08036091049233031
strålning,lb,1900,7,7,7,0,24058613,0.29095609127591854
strålning,lb,1910,8,8,8,0,20653390,0.387345612512038
strålning,lb,1920,0,0,0,0,19664571,0.0
strålning,lb,1930,10,10,10,0,16234117,0.6159866902523864
strålning,lb,1940,4,4,4,0,4503154,0.8882663128998031
strålning,lb,1950,1,1,1,0,737649,1.3556583144557912
strålning,lb,1960,0,0,0,0,803051,0.0
strålning,lb,1970,0,0,0,0,88498,0.0
strålning,lb,1980,0,0,0,0,441715,0.0
strålning,lb,1990,0,0,0,0,289511,0.0
strålning,lb,2000,0,0,0,0,104933,0.0
strålning,lb,2010,0,0,0,0,355677,0.0
strålning,lb,2020,0,0,0,0,475824,0.0
strålning,tkr,1860,2,2,0,0,14301457,0.1398458912263275
strålning,tkr,1870,1,1,0,0,48663079,0.020549460094787673
strålning,tkr,1880,1,1,0,0,45300858,0.022074637085240194
strålning,tkr,1890,0,0,0,0,54990491,0.0
strålning,tkr,1900,10,10,0,0,91612739,0.10915512524955727
strålning,tkr,1910,25,25,0,0,146452973,0.17070326049304577
strålning,tkr,1920,12,12,0,0,129092646,0.09295649575576907
strålning,tkr,1930,15,15,0,0,130093121,0.11530202277182665
strålning,tkr,1940,142,142,0,0,133229745,1.0658280551388881
strålning,tkr,1950,830,829,0,1,134940616,6.150853794827793
strålning,tkr,1960,581,581,0,0,145935106,3.9812216260013544
strålning,tkr,1970,17,17,0,0,17225518,0.9869079118549584
ström,kubhist2,1870,33721,33713,33713,8,1040563269,32.40648695240462
ström,kubhist2,1880,77734,77723,77723,11,1450309699,53.598207371569124
ström,kubhist2,1890,53052,53034,53034,18,1037122519,51.15306921611641
ström,kubhist2,1900,3633,3631,3631,2,77752738,46.72504266023404
ström,lb,1620,0,0,0,0,12158,0.0
ström,lb,1640,0,0,0,0,48209,0.0
ström,lb,1700,25,25,25,0,1796708,13.914336664611055
ström,lb,1710,4,4,4,0,64639,61.882145453982886
ström,lb,1730,0,0,0,0,33381,0.0
ström,lb,1740,0,0,0,0,47561,0.0
ström,lb,1750,1,1,1,0,1095966,0.9124370646534655
ström,lb,1760,3,3,3,0,24422,122.84006223896486
ström,lb,1770,6,6,6,0,69907,85.82831476103966
ström,lb,1780,4,4,4,0,48621,82.26897842496041
ström,lb,1790,35,16,16,19,789177,44.35000006335714
ström,lb,1800,40,32,32,8,736942,54.278355691492685
ström,lb,1810,182,182,182,0,1369393,132.90560124084175
ström,lb,1820,55,55,55,0,842254,65.30096621684196
ström,lb,1830,790,585,585,205,11653970,67.78805848993947
ström,lb,1840,1516,1103,1103,413,30985848,48.92556111422221
ström,lb,1850,1378,956,956,422,24055763,57.28357067701407
ström,lb,1860,1701,1215,1215,486,30066424,56.57473599121731
ström,lb,1870,1982,1491,1491,491,34605387,57.27431974680705
ström,lb,1880,3284,2332,2332,952,55511947,59.15843665148333
ström,lb,1890,4078,3161,3161,917,62219305,65.5423585975446
ström,lb,1900,1993,1365,1365,628,24058613,82.83935570184366
ström,lb,1910,1537,1248,1248,289,20653390,74.41877580387529
ström,lb,1920,1012,633,633,379,19664571,51.463110992861225
ström,lb,1930,838,493,493,345,16234117,51.61968464314998
ström,lb,1940,273,202,202,71,4503154,60.624175855411565
ström,lb,1950,66,52,52,14,737649,89.47344875408223
ström,lb,1960,58,48,48,10,803051,72.22455360867491
ström,lb,1970,1,0,0,1,88498,11.299690388483356
ström,lb,1980,88,0,0,88,441715,199.22348120394372
ström,lb,1990,9,0,0,9,289511,31.086901706670904
ström,lb,2000,1,0,0,1,104933,9.529890501558137
ström,lb,2010,22,22,22,0,355677,61.853873036490974
ström,lb,2020,1,1,1,0,475824,2.101617404754699
ström,tkr,1860,206,206,0,0,14301457,14.404126796311733
ström,tkr,1870,502,501,0,1,48663079,10.315828967583412
ström,tkr,1880,536,536,0,0,45300858,11.832005477688744
ström,tkr,1890,622,622,0,0,54990491,11.311046486200677
ström,tkr,1900,1458,1458,0,0,91612739,15.91481726138545
ström,tkr,1910,2117,2117,0,0,146452973,14.455152098551116
ström,tkr,1920,1560,1560,0,0,129092646,12.08434444824998
ström,tkr,1930,1370,1370,0,0,130093121,10.530918079826835
ström,tkr,1940,1205,1205,0,0,133229745,9.044526805932113
ström,tkr,1950,1238,1238,0,0,134940616,9.1744060216829
ström,tkr,1960,1069,1069,0,0,145935106,7.325173697410409
ström,tkr,1970,293,293,0,0,17225518,17.009648127853108
strömning,kubhist2,1870,1206,1206,1206,0,1040563269,1.1589876713205414
strömning,kubhist2,1880,4298,4294,4294,4,1450309699,2.963504969292769
strömning,kubhist2,1890,2880,2880,2880,0,1037122519,2.7769139588029716
strömning,kubhist2,1900,180,180,180,0,77752738,2.3150310153708027
strömning,lb,1620,0,0,0,0,12158,0.0
strömning,lb,1640,0,0,0,0,48209,0.0
strömning,lb,1700,0,0,0,0,1796708,0.0
strömning,lb,1710,0,0,0,0,64639,0.0
strömning,lb,1730,0,0,0,0,33381,0.0
strömning,lb,1740,0,0,0,0,47561,0.0
strömning,lb,1750,0,0,0,0,1095966,0.0
strömning,lb,1760,0,0,0,0,24422,0.0
strömning,lb,1770,0,0,0,0,69907,0.0
strömning,lb,1780,0,0,0,0,48621,0.0
strömning,lb,1790,0,0,0,0,789177,0.0
strömning,lb,1800,0,0,0,0,736942,0.0
strömning,lb,1810,0,0,0,0,1369393,0.0
strömning,lb,1820,0,0,0,0,842254,0.0
strömning,lb,1830,0,0,0,0,11653970,0.0
strömning,lb,1840,2,2,2,0,30985848,0.06454559513749632
strömning,lb,1850,0,0,0,0,24055763,0.0
strömning,lb,1860,6,5,5,1,30066424,0.19955815164450552
strömning,lb,1870,9,4,4,5,34605387,0.2600751148946839
strömning,lb,1880,58,43,43,15,55511947,1.0448201357448335
strömning,lb,1890,96,76,76,20,62219305,1.5429294814527421
strömning,lb,1900,79,56,56,23,24058613,3.2836473158282233
strömning,lb,1910,36,34,34,2,20653390,1.7430552563041708
strömning,lb,1920,23,9,9,14,19664571,1.1696161589286642
strömning,lb,1930,59,8,8,51,16234117,3.6343214724890798
strömning,lb,1940,23,15,15,8,4503154,5.107531299173868
strömning,lb,1950,3,1,1,2,737649,4.066974943367374
strömning,lb,1960,3,3,3,0,803051,3.7357527728624955
strömning,lb,1970,0,0,0,0,88498,0.0
strömning,lb,1980,3,0,0,3,441715,6.791709586498081
strömning,lb,1990,5,0,0,5,289511,17.270500948150502
strömning,lb,2000,0,0,0,0,104933,0.0
strömning,lb,2010,2,2,2,0,355677,5.623079366953725
strömning,lb,2020,2,2,2,0,475824,4.203234809509398
strömning,tkr,1860,4,4,0,0,14301457,0.279691782452655
strömning,tkr,1870,51,51,0,0,48663079,1.0480224648341714
strömning,tkr,1880,119,119,0,0,45300858,2.626881813143583
strömning,tkr,1890,146,146,0,0,54990491,2.6550044806837603
strömning,tkr,1900,199,199,0,0,91612739,2.1721869924661896
strömning,tkr,1910,309,309,0,0,146452973,2.109892299694046
strömning,tkr,1920,196,196,0,0,129092646,1.5182894306775616
strömning,tkr,1930,224,224,0,0,130093121,1.721843540059278
strömning,tkr,1940,94,94,0,0,133229745,0.705548149176447
strömning,tkr,1950,125,125,0,0,134940616,0.926333402835511
strömning,tkr,1960,179,179,0,0,145935106,1.2265725835701247
strömning,tkr,1970,15,15,0,0,17225518,0.8708010986955516
styrka,kubhist2,1870,95247,95223,95223,24,1040563269,91.53407854914394
styrka,kubhist2,1880,145197,145159,145159,38,1450309699,100.11447906617082
styrka,kubhist2,1890,84985,84965,84965,20,1037122519,81.94306694058004
styrka,kubhist2,1900,7025,7024,7024,1,77752738,90.35051601655493
styrka,lb,1620,0,0,0,0,12158,0.0
styrka,lb,1640,5,0,0,5,48209,103.71507394884773
styrka,lb,1700,1,1,1,0,1796708,0.5565734665844422
styrka,lb,1710,7,7,7,0,64639,108.29375454447006
styrka,lb,1730,1,1,1,0,33381,29.957161259399058
styrka,lb,1740,0,0,0,0,47561,0.0
styrka,lb,1750,13,13,13,0,1095966,11.861681840495052
styrka,lb,1760,11,11,11,0,24422,450.4135615428712
styrka,lb,1770,31,31,31,0,69907,443.44629293203826
styrka,lb,1780,11,11,11,0,48621,226.23969066864112
styrka,lb,1790,131,38,38,93,789177,165.99571452285102
styrka,lb,1800,207,138,138,69,736942,280.89049070347465
styrka,lb,1810,152,152,152,0,1369393,110.99808455279091
styrka,lb,1820,141,141,141,0,842254,167.40793157408572
styrka,lb,1830,1440,1079,1079,361,11653970,123.56304332343399
styrka,lb,1840,3225,2507,2507,718,30985848,104.07977215921281
styrka,lb,1850,2633,2060,2060,573,24055763,109.45402147502035
styrka,lb,1860,3121,2295,2295,826,30066424,103.80349854708362
styrka,lb,1870,3535,2812,2812,723,34605387,102.15172568363417
styrka,lb,1880,4928,3693,3693,1235,55511947,88.77368325776791
styrka,lb,1890,5748,4555,4555,1193,62219305,92.38290270198293
styrka,lb,1900,1922,1336,1336,586,24058613,79.88822963318792
styrka,lb,1910,1345,1015,1015,330,20653390,65.12248110358638
styrka,lb,1920,1047,548,548,499,19664571,53.2429616694918
styrka,lb,1930,689,504,504,185,16234117,42.44148295838942
styrka,lb,1940,339,263,263,76,4503154,75.28057001825832
styrka,lb,1950,34,20,20,14,737649,46.0923826914969
styrka,lb,1960,9,3,3,6,803051,11.207258318587487
styrka,lb,1970,3,0,0,3,88498,33.89907116545007
styrka,lb,1980,2,0,0,2,441715,4.5278063909987205
styrka,lb,1990,14,0,0,14,289511,48.357402654821406
styrka,lb,2000,5,0,0,5,104933,47.649452507790684
styrka,lb,2010,19,19,19,0,355677,53.41925398606038
styrka,lb,2020,2,1,1,1,475824,4.203234809509398
styrka,tkr,1860,1413,1413,0,0,14301457,98.80112215140038
styrka,tkr,1870,4497,4497,0,0,48663079,92.41092204626017
styrka,tkr,1880,4659,4657,0,2,45300858,102.84573418013407
styrka,tkr,1890,4833,4832,0,1,54990491,87.88792229551106
styrka,tkr,1900,7527,7524,0,3,91612739,82.16106277534176
styrka,tkr,1910,12535,12531,0,4,146452973,85.59061481121316
styrka,tkr,1920,9235,9234,0,1,129092646,71.53776985871062
styrka,tkr,1930,8722,8720,0,2,130093121,67.04428284105813
styrka,tkr,1940,7185,7184,0,1,133229745,53.92939842375289
styrka,tkr,1950,6518,6515,0,3,134940616,48.30272895745488
styrka,tkr,1960,8316,8316,0,0,145935106,56.98423242999529
styrka,tkr,1970,1144,1144,0,0,17225518,66.41309712718073
tension,kubhist2,1870,29,29,29,0,1040563269,0.0278695211179898
tension,kubhist2,1880,330,330,330,0,1450309699,0.22753760815882126
tension,kubhist2,1890,153,153,153,0,1037122519,0.14752355406140785
tension,kubhist2,1900,3,3,3,0,77752738,0.038583850256180045
tension,lb,1620,0,0,0,0,12158,0.0
tension,lb,1640,0,0,0,0,48209,0.0
tension,lb,1700,0,0,0,0,1796708,0.0
tension,lb,1710,0,0,0,0,64639,0.0
tension,lb,1730,0,0,0,0,33381,0.0
tension,lb,1740,0,0,0,0,47561,0.0
tension,lb,1750,0,0,0,0,1095966,0.0
tension,lb,1760,0,0,0,0,24422,0.0
tension,lb,1770,0,0,0,0,69907,0.0
tension,lb,1780,0,0,0,0,48621,0.0
tension,lb,1790,1,0,0,1,789177,1.2671428589530613
tension,lb,1800,0,0,0,0,736942,0.0
tension,lb,1810,0,0,0,0,1369393,0.0
tension,lb,1820,0,0,0,0,842254,0.0
tension,lb,1830,0,0,0,0,11653970,0.0
tension,lb,1840,0,0,0,0,30985848,0.0
tension,lb,1850,0,0,0,0,24055763,0.0
tension,lb,1860,1,1,1,0,30066424,0.033259691940750916
tension,lb,1870,0,0,0,0,34605387,0.0
tension,lb,1880,2,2,2,0,55511947,0.03602828054292529
tension,lb,1890,4,4,4,0,62219305,0.06428872839386425
tension,lb,1900,1,1,1,0,24058613,0.04156515589655979
tension,lb,1910,0,0,0,0,20653390,0.0
tension,lb,1920,0,0,0,0,19664571,0.0
tension,lb,1930,0,0,0,0,16234117,0.0
tension,lb,1940,0,0,0,0,4503154,0.0
tension,lb,1950,0,0,0,0,737649,0.0
tension,lb,1960,0,0,0,0,803051,0.0
tension,lb,1970,0,0,0,0,88498,0.0
tension,lb,1980,0,0,0,0,441715,0.0
tension,lb,1990,0,0,0,0,289511,0.0
tension,lb,2000,0,0,0,0,104933,0.0
tension,lb,2010,0,0,0,0,355677,0.0
tension,lb,2020,0,0,0,0,475824,0.0
tension,tkr,1860,0,0,0,0,14301457,0.0
tension,tkr,1870,0,0,0,0,48663079,0.0
tension,tkr,1880,0,0,0,0,45300858,0.0
tension,tkr,1890,2,2,0,0,54990491,0.03636992439292822
tension,tkr,1900,4,4,0,0,91612739,0.04366205009982291
tension,tkr,1910,0,0,0,0,146452973,0.0
tension,tkr,1920,1,1,0,0,129092646,0.00774637464631409
tension,tkr,1930,1,1,0,0,130093121,0.0076868015181217764
tension,tkr,1940,0,0,0,0,133229745,0.0
tension,tkr,1950,0,0,0,0,134940616,0.0
tension,tkr,1960,0,0,0,0,145935106,0.0
tension,tkr,1970,0,0,0,0,17225518,0.0
